model,configuration,solver,status,solve_s,iterations,objective,eq_max_abs,eq_rows_violated,coupling_max_viol,coupling_rows_violated,all_rows_max_viol,bound_max_viol,n_eq_rows,n_coupling_rows,objective_pinned,fluxes_file,error
e_coli_core,shipped_default,cuopt,Optimal,0.7627,8200,0.8739215056938601,7.779511312921983e-09,0,,,7.779511312921983e-09,0.0,72,0,False,fluxes_e_coli_core_shipped_default.npz,
e_coli_core,residual_0,cuopt,Optimal,0.4216,8200,0.8739215056938601,7.779511312921983e-09,0,,,7.779511312921983e-09,0.0,72,0,False,fluxes_e_coli_core_residual_0.npz,
e_coli_core,gurobi,gurobi,Optimal,0.006296878680586815,10,0.8739215069684305,1.4210854715202004e-13,0,,,1.4210854715202004e-13,0.0,72,0,False,fluxes_e_coli_core_gurobi.npz,
iML1515,shipped_default,cuopt,Optimal,5.2313,124400,0.876997198833092,2.9543798518716358e-09,0,,,2.9543798518716358e-09,1.1914614260477574e-12,1877,0,False,fluxes_iML1515_shipped_default.npz,
iML1515,residual_0,cuopt,Optimal,5.456,124600,0.8769971989117845,4.445610102266073e-09,0,,,4.445610102266073e-09,3.157417903520976e-13,1877,0,False,fluxes_iML1515_residual_0.npz,
iML1515,gurobi,gurobi,Optimal,0.035092225298285484,26,0.8769972144269654,1.1652900866465643e-12,0,,,1.1652900866465643e-12,0.0,1877,0,False,fluxes_iML1515_gurobi.npz,
Harvey,shipped_default,cuopt,Optimal,2.1403,31600,1.0,5.5791078423794715e-09,0,1.57142920897968e-08,0,1.57142920897968e-08,8.8694658797496e-07,56452,103600,True,fluxes_Harvey_shipped_default.npz,
Harvey,residual_0,cuopt,Optimal,1.4537,19800,1.0,0.00031923918475594256,7,1.57142920897968e-08,0,0.00031923918475594256,6.748910733808677e-07,56452,103600,True,fluxes_Harvey_residual_0.npz,
Harvey,gurobi,gurobi,Optimal,3.074590466916561,55,1.0,3.3396645449101925e-09,0,7.657145033590496e-07,0,7.657145033590496e-07,5.714282451663166e-07,56452,103600,True,fluxes_Harvey_gurobi.npz,
Harvetta,shipped_default,cuopt,Optimal,1.7776,24800,1.0,3.2092831958322026e-09,0,1.4137924608803587e-08,0,1.4137924608803587e-08,9.965745074961136e-07,58851,107351,True,fluxes_Harvetta_shipped_default.npz,
Harvetta,residual_0,cuopt,Optimal,1.523,20000,1.0,0.0004889464865851642,18,3.2709976949263364e-08,0,0.0004889464865851642,8.826957010668601e-07,58851,107351,True,fluxes_Harvetta_residual_0.npz,
Harvetta,gurobi,gurobi,Optimal,3.6365441735833883,71,1.0,2.4156179279088974e-09,0,3.878758434439078e-07,0,3.878758434439078e-07,5.862068981343782e-07,58851,107351,True,fluxes_Harvetta_gurobi.npz,
S84,shipped_default,cuopt,Optimal,34.7205,57000,1.0,4.7207380759468074e-05,0,6.868973894957886e-06,0,4.7207380759468074e-05,7.179821819223176e-06,572304,986070,True,fluxes_S84_shipped_default.npz,
S84,residual_0,cuopt,Optimal,11.3129,13600,1.0,2.573880495289296,47182,0.007730522193388462,251,2.573880495289296,0.027003030684386677,572304,986070,True,fluxes_S84_residual_0.npz,
S84,gurobi,gurobi,Optimal,44.74289376847446,94,1.0,9.104737948701074e-07,0,9.943747426998002e-07,0,9.943747426998002e-07,9.787286495991129e-07,572304,986070,True,fluxes_S84_gurobi.npz,
S15,shipped_default,cuopt,Optimal,401.79,493800,1.0,9.937060648768504e-05,0,5.517372428764933e-06,0,9.937060648768504e-05,9.037818175834837e-06,918715,1562961,True,fluxes_S15_shipped_default.npz,
S15,residual_0,cuopt,Optimal,21.4419,15000,1.0,8.191481930811046,46786,0.015389963219807514,392,8.191481930811046,0.09519251223288024,918715,1562961,True,fluxes_S15_residual_0.npz,
S15,gurobi,gurobi,Optimal,94.6066859010607,95,1.0,9.611478597999998e-07,0,9.923957735372135e-07,0,9.923957735372135e-07,9.842411348000001e-07,918715,1562961,True,fluxes_S15_gurobi.npz,
S85,shipped_default,cuopt,Optimal,740.8484,984000,1.0,8.868415896295202e-05,0,3.7766942390937697e-06,0,8.868415896295202e-05,9.86600116e-06,734457,1258572,True,fluxes_S85_shipped_default.npz,
S85,residual_0,cuopt,Optimal,8.1779,3800,1.0,156.36261284442998,332363,5.058095155935994,83895,156.36261284442998,5.310164645907644,734457,1258572,True,fluxes_S85_residual_0.npz,
S85,gurobi,gurobi,Optimal,58.13853907957673,91,1.0,9.8540391428e-07,0,9.909202111635373e-07,0,9.909202111635373e-07,9.878889769404091e-07,734457,1258572,True,fluxes_S85_gurobi.npz,
S83,shipped_default,cuopt,Optimal,705.1948,935600,1.0,2.1417177295218574e-05,0,9.770386729779368e-06,0,2.1417177295218574e-05,6.782793454222072e-06,1003751,1699102,True,fluxes_S83_shipped_default.npz,
S83,residual_0,cuopt,Optimal,19.5704,14600,1.0,4.322570931706556,34054,0.012506188670083438,166,4.322570931706556,0.08582086963528712,1003751,1699102,True,fluxes_S83_residual_0.npz,
S83,gurobi,gurobi,Optimal,114.61364646814764,115,1.0,9.901326588386526e-07,0,9.983262504002777e-07,0,9.983262504002777e-07,9.986258596e-07,1003751,1699102,True,fluxes_S83_gurobi.npz,
S9,shipped_default,cuopt,Optimal,736.0488,928600,1.0,5.564041222375516e-05,0,1.2638245196761044e-06,0,5.564041222375516e-05,6.40917579426868e-06,944232,1601145,True,fluxes_S9_shipped_default.npz,
S9,residual_0,cuopt,Optimal,18.2077,3300,1.0,294.7316364839865,421776,7.956864723748489,57883,294.7316364839865,10.688195666072518,944232,1601145,True,fluxes_S9_residual_0.npz,
S9,gurobi,gurobi,Optimal,79.650625128299,85,1.0,9.602922006607395e-07,0,9.973804218407073e-07,0,9.973804218407073e-07,9.973804218407073e-07,944232,1601145,True,fluxes_S9_gurobi.npz,
S23,shipped_default,cuopt,Optimal,1000.9075,1291200,1.0,1.7357110871511587e-05,0,6.040211400354378e-07,0,1.7357110871511587e-05,7.035076525295503e-06,848878,1450223,True,fluxes_S23_shipped_default.npz,
S23,residual_0,cuopt,Optimal,16.9122,14000,1.0,2.5775691636787608,52162,0.016343571721658942,642,2.5775691636787608,0.1607365287583004,848878,1450223,True,fluxes_S23_residual_0.npz,
S23,gurobi,gurobi,Optimal,84.60480486229062,98,1.0,9.761321824626468e-07,0,9.958363599777472e-07,0,9.958363599777472e-07,9.997482465006725e-07,848878,1450223,True,fluxes_S23_gurobi.npz,
