model,scale,kind,n_cols,n_total_rows,nnz,gurobi_solve_s_median,gurobi_solve_s_min,gurobi_solve_s_max,gurobi_obj,gurobi_status,gurobi_iters,gurobi_residual_inf,cuopt_solve_s_median,cuopt_solve_s_min,cuopt_solve_s_max,cuopt_obj,cuopt_status,cuopt_iters,cuopt_residual_inf,obj_rel_diff,both_feasible,gurobi_version,cuopt_version,gpu_name
e_coli_core,small,cobra,95,72,360,0.0008,0.0008,0.0013,0.8739215069684305,Optimal,10,1.4210854715202004e-13,0.2489,0.2488,0.4457,0.8739215056938601,Optimal,8200,7.779511312921983e-09,1.274570449183443e-09,True,13.0.2,26.06.00,NVIDIA RTX A4500
iML1515,medium,cobra,2712,1877,10575,0.0337,0.0335,0.0343,0.8769972144269654,Optimal,26,1.1652900866465643e-12,3.75,3.7486,3.9135,0.876997198833092,Optimal,124400,2.9543798518716358e-09,1.559387341476537e-08,True,13.0.2,26.06.00,NVIDIA RTX A4500
Harvey,whole-body,mat,81094,160052,493131,2.8153,2.8049,2.8344,1.0,Optimal,55,3.3396645449101925e-09,1.6727,1.661,1.8613,1.0,Optimal,31600,5.5791078423794715e-09,0.0,True,13.0.2,26.06.00,NVIDIA RTX A4500
S84,microbiome,mat,685998,1558374,4791018,40.6161,40.6161,40.851,1.0,Optimal,94,9.104737948701074e-07,24.6368,24.3837,24.8952,1.0,Optimal,57000,4.7207380759468074e-05,0.0,True,13.0.2,26.06.00,NVIDIA RTX A4500
S85,microbiome,mat,874634,1993029,6137523,52.6179,52.2712,52.9361,1.0,Optimal,91,9.8540391428e-07,509.3895,506.2269,509.5767,1.0,Optimal,984000,8.868415896295202e-05,0.0,True,13.0.2,26.06.00,NVIDIA RTX A4500
S9,microbiome,mat,1111943,2545377,7843312,73.0452,72.7726,73.5462,1.0,Optimal,85,9.602922006607395e-07,534.389,529.8329,534.5526,1.0,Optimal,928600,5.564041222375516e-05,0.0,True,13.0.2,26.06.00,NVIDIA RTX A4500
S15,microbiome,mat,1084341,2481676,7635306,82.5934,82.5161,83.1961,1.0,Optimal,95,9.611478597999998e-07,295.286,291.0038,295.7535,1.0,Optimal,493800,9.937060648768504e-05,0.0,True,13.0.2,26.06.00,NVIDIA RTX A4500
S23,microbiome,mat,1007742,2299101,7084548,85.3108,85.2252,85.404,1.0,Optimal,98,9.761321824626468e-07,739.9042,721.205,749.4359,1.0,Optimal,1267400,3.1158638556364404e-05,0.0,True,13.0.2,26.06.00,NVIDIA RTX A4500
S83,microbiome,mat,1179186,2702853,8318212,99.6209,98.8341,100.7419,1.0,Optimal,115,9.901326588386526e-07,526.7454,524.3904,527.0442,1.0,Optimal,935600,2.1417177295218574e-05,0.0,True,13.0.2,26.06.00,NVIDIA RTX A4500
Harvetta,whole-body,mat,83521,166202,508151,3.5293,3.5156,3.5345,1.0,Optimal,71,2.4156179279088974e-09,1.4192,1.4076,1.6316,1.0,Optimal,24800,3.2092831958322026e-09,0.0,True,13.0.2,26.06.00,NVIDIA RTX A4500
