objective_id,reaction,category,is_baseline,gurobi_solve_s,gurobi_status,gurobi_residual_inf,cuopt_solve_s,cuopt_status,cuopt_residual_inf,obj_rel_diff,both_feasible,runtime_ratio,is_outlier,outlier_direction
adipocytes_biomass,Adipocytes_biomass_maintenance,organ_biomass,False,82.7609,Optimal,1.4072487388716581e-05,522.0757,Optimal,8.868415896295202e-05,0.0,True,6.3082,False,
bcells_biomass,Bcells_biomass_maintenance,immune_cell_biomass,False,57.7097,Optimal,9.8540391428e-07,522.0838,Optimal,8.868415896295202e-05,0.0,True,9.0467,False,
brain_biomass,Brain_biomass_maintenance,organ_biomass,False,53.9545,Optimal,9.8540391428e-07,520.2787,Optimal,8.868415896295202e-05,0.0,True,9.6429,False,
cd4tcells_biomass,CD4Tcells_biomass_maintenance,immune_cell_biomass,False,52.993,Optimal,9.8540391428e-07,521.8986,Optimal,8.868415896295202e-05,0.0,True,9.8484,False,
colon_biomass,Colon_biomass_maintenance,organ_biomass,False,58.4876,Optimal,9.8540391428e-07,510.3955,Optimal,8.868415896295202e-05,0.0,True,8.7266,False,
heart_biomass,Heart_biomass_maintenance,organ_biomass,False,55.5019,Optimal,9.8540391428e-07,512.1519,Optimal,8.868415896295202e-05,0.0,True,9.2276,False,
kidney_biomass,Kidney_biomass_maintenance,organ_biomass,False,54.7406,Optimal,9.8540391428e-07,511.381,Optimal,8.868415896295202e-05,0.0,True,9.3419,False,
liver_biomass,Liver_biomass_maintenance,organ_biomass,False,55.2967,Optimal,9.8540391428e-07,510.7792,Optimal,8.868415896295202e-05,0.0,True,9.2371,False,
lung_biomass,Lung_biomass_maintenance,organ_biomass,False,56.1458,Optimal,9.8540391428e-07,527.1835,Optimal,8.868415896295202e-05,0.0,True,9.3895,False,
microbe_akkermansia_muciniphila,panAkkermansia_muciniphila_biomassPan,microbiome,False,53.4648,Optimal,9.8540391428e-07,508.5629,Optimal,8.868415896295202e-05,0.0,True,9.5121,False,
microbe_bacteroides_fragilis,panBacteroides_fragilis_biomassPan,microbiome,False,52.455,Optimal,9.8540391428e-07,508.36,Optimal,8.868415896295202e-05,5.421010862427522e-20,True,9.6914,False,
microbe_escherichia_coli,panEscherichia_coli_biomassPan,microbiome,False,53.7487,Optimal,9.8540391428e-07,508.6381,Optimal,8.868415896295202e-05,0.0,True,9.4633,False,
microbe_faecalibacterium_prausnitzii,panFaecalibacterium_prausnitzii_biomassPan,microbiome,False,53.9708,Optimal,9.8540391428e-07,508.7395,Optimal,8.868415896295202e-05,8.673617379884035e-19,True,9.4262,False,
monocyte_biomass,Monocyte_biomass_maintenance,immune_cell_biomass,False,53.4947,Optimal,9.8540391428e-07,506.9108,Optimal,8.868415896295202e-05,0.0,True,9.4759,False,
muscle_biomass,Muscle_biomass_maintenance,organ_biomass,False,87.6236,Optimal,1.4072487388716581e-05,536.5644,Optimal,8.868415896295202e-05,0.0,True,6.1235,False,
nkcells_biomass,Nkcells_biomass_maintenance,immune_cell_biomass,False,52.1591,Optimal,9.8540391428e-07,518.5783,Optimal,8.868415896295202e-05,0.0,True,9.9422,False,
pancreas_biomass,Pancreas_biomass_maintenance,organ_biomass,False,54.5933,Optimal,9.8540391428e-07,515.6177,Optimal,8.868415896295202e-05,0.0,True,9.4447,False,
platelet_biomass,Platelet_biomass_maintenance_noTrTr,immune_cell_biomass,False,51.6648,Optimal,9.8540391428e-07,507.0705,Optimal,8.868415896295202e-05,0.0,True,9.8146,False,
skin_biomass,Skin_biomass_maintenance,organ_biomass,False,56.6892,Optimal,9.8540391428e-07,521.2181,Optimal,8.868415896295202e-05,0.0,True,9.1943,False,
whole_body,Whole_body_objective_rxn,whole_body,True,55.843,Optimal,9.8540391428e-07,511.6632,Optimal,8.868415896295202e-05,0.0,True,9.1625,False,
