model,scale,n_cols,configuration,source,solve_s,iterations,status,objective,residual_inf,rows_violated,time_limit,speedup_residual_0_vs_shipped,violation_ratio_residual_0_vs_shipped
e_coli_core,small,95,shipped_default,reused,0.2489,8200,Optimal,0.8739215056938601,7.779511312921983e-09,,900.0,0.5195157587142559,1.0
e_coli_core,small,95,residual_0,fresh,0.4791,8200,Optimal,0.8739215056938601,7.779511312921983e-09,0,900.0,0.5195157587142559,1.0
e_coli_core,small,95,gurobi,reused,0.0007871249690651894,10,Optimal,0.8739215069684305,1.4210854715202004e-13,,900.0,0.5195157587142559,1.0
iML1515,medium,2712,shipped_default,reused,3.75,124400,Optimal,0.876997198833092,2.9543798518716358e-09,,900.0,0.9822153539904136,1.504752376188094
iML1515,medium,2712,residual_0,fresh,3.8179,124600,Optimal,0.8769971989117845,4.445610102266073e-09,0,900.0,0.9822153539904136,1.504752376188094
iML1515,medium,2712,gurobi,reused,0.033730380702763796,26,Optimal,0.8769972144269654,1.1652900866465643e-12,,900.0,0.9822153539904136,1.504752376188094
Harvey,whole-body,81094,shipped_default,reused,1.6727,31600,Optimal,1.0,5.5791078423794715e-09,,900.0,1.4197080291970805,57220.47212118203
Harvey,whole-body,81094,residual_0,fresh,1.1782,19800,Optimal,1.0,0.00031923918475594256,591,900.0,1.4197080291970805,57220.47212118203
Harvey,whole-body,81094,gurobi,reused,2.815347373019904,55,Optimal,1.0,3.3396645449101925e-09,,900.0,1.4197080291970805,57220.47212118203
S84,microbiome,685998,shipped_default,reused,24.6368,57000,Optimal,1.0,4.7207380759468074e-05,,900.0,2.749581482556193,54522.84057875992
S84,microbiome,685998,residual_0,fresh,8.9602,13600,Optimal,1.0,2.573880495289296,249173,900.0,2.749581482556193,54522.84057875992
S84,microbiome,685998,gurobi,reused,40.616124144755304,94,Optimal,1.0,9.104737948701074e-07,,900.0,2.749581482556193,54522.84057875992
S85,microbiome,874634,shipped_default,reused,509.3895,984000,Optimal,1.0,8.868415896295202e-05,,900.0,71.8918213252417,1763140.2797623728
S85,microbiome,874634,residual_0,fresh,7.0855,3800,Optimal,1.0,156.36261284442998,372156,900.0,71.8918213252417,1763140.2797623728
S85,microbiome,874634,gurobi,reused,52.61785220587626,91,Optimal,1.0,9.8540391428e-07,,900.0,71.8918213252417,1763140.2797623728
S9,microbiome,1111943,shipped_default,reused,534.389,928600,Optimal,1.0,5.564041222375516e-05,,900.0,48.73855386523659,5297078.59278141
S9,microbiome,1111943,residual_0,fresh,10.9644,3300,Optimal,1.0,294.7316364839865,469579,900.0,48.73855386523659,5297078.59278141
S9,microbiome,1111943,gurobi,reused,73.04515171516687,85,Optimal,1.0,9.602922006607395e-07,,900.0,48.73855386523659,5297078.59278141
S15,microbiome,1084341,shipped_default,reused,295.286,493800,Optimal,1.0,9.937060648768504e-05,,900.0,17.910449571778635,82433.65136174561
S15,microbiome,1084341,residual_0,fresh,16.4868,15000,Optimal,1.0,8.191481930811046,371854,900.0,17.910449571778635,82433.65136174561
S15,microbiome,1084341,gurobi,reused,82.59341345401481,95,Optimal,1.0,9.611478597999998e-07,,900.0,17.910449571778635,82433.65136174561
S23,microbiome,1007742,shipped_default,reused,739.9042,1267400,Optimal,1.0,3.1158638556364404e-05,,900.0,54.68457695263998,82724.06251049988
S23,microbiome,1007742,residual_0,fresh,13.5304,14000,Optimal,1.0,2.5775691636787608,340300,900.0,54.68457695263998,82724.06251049988
S23,microbiome,1007742,gurobi,reused,85.31078134896234,98,Optimal,1.0,9.761321824626468e-07,,900.0,54.68457695263998,82724.06251049988
S83,microbiome,1179186,shipped_default,reused,526.7454,935600,Optimal,1.0,2.1417177295218574e-05,,900.0,32.34781807686167,201827.29367756497
S83,microbiome,1179186,residual_0,fresh,16.2838,14600,Optimal,1.0,4.322570931706556,359446,900.0,32.34781807686167,201827.29367756497
S83,microbiome,1179186,gurobi,reused,99.6208671759814,115,Optimal,1.0,9.901326588386526e-07,,900.0,32.34781807686167,201827.29367756497
