model,objective_id,reaction_id,solver,objective_value_median,runtime_s_median
e_coli_core,BIOMASS_Ecoli_core_w_GAM,BIOMASS_Ecoli_core_w_GAM,cuopt,0.8739215056938601,0.2598
e_coli_core,BIOMASS_Ecoli_core_w_GAM,BIOMASS_Ecoli_core_w_GAM,gurobi,0.8739215069684305,0.0009670509025454521
e_coli_core,ATPM,ATPM,cuopt,174.99999993800165,0.1872
e_coli_core,ATPM,ATPM,gurobi,175.0,0.0008297469466924667
e_coli_core,EX_ac_e,EX_ac_e,cuopt,20.000000078217997,0.1767
e_coli_core,EX_ac_e,EX_ac_e,gurobi,20.0,0.0008450662717223167
e_coli_core,EX_etoh_e,EX_etoh_e,cuopt,19.999999999991665,0.103
e_coli_core,EX_etoh_e,EX_etoh_e,gurobi,20.0,0.0008863648399710655
e_coli_core,EX_for_e,EX_for_e,cuopt,39.99999994788151,0.1933
e_coli_core,EX_for_e,EX_for_e,gurobi,40.0,0.0008574007079005241
e_coli_core,EX_lac__D_e,EX_lac__D_e,cuopt,19.99999999812299,0.1067
e_coli_core,EX_lac__D_e,EX_lac__D_e,gurobi,20.0,0.0008906181901693344
e_coli_core,EX_succ_e,EX_succ_e,cuopt,16.384166670813183,0.1477
e_coli_core,EX_succ_e,EX_succ_e,gurobi,16.3841666666666,0.0009041838347911835
e_coli_core,EX_pyr_e,EX_pyr_e,cuopt,19.999999998695042,0.1348
e_coli_core,EX_pyr_e,EX_pyr_e,gurobi,20.0,0.0008297320455312729
e_coli_core,EX_fum_e,EX_fum_e,cuopt,-0.0,0.1283
e_coli_core,EX_fum_e,EX_fum_e,gurobi,-0.0,0.0008060280233621597
e_coli_core,EX_co2_e,EX_co2_e,cuopt,59.99999983048579,0.2187
e_coli_core,EX_co2_e,EX_co2_e,gurobi,60.0,0.0008849790319800377
iML1515,BIOMASS_Ec_iML1515_core_75p37M,BIOMASS_Ec_iML1515_core_75p37M,cuopt,0.876997198833092,3.9988
iML1515,BIOMASS_Ec_iML1515_core_75p37M,BIOMASS_Ec_iML1515_core_75p37M,gurobi,0.8769972144269654,0.036584338173270226
iML1515,ATPM,ATPM,cuopt,235.00000049211684,4.4328
iML1515,ATPM,ATPM,gurobi,234.99999999999955,0.030493397265672684
iML1515,EX_ala__L_e,EX_ala__L_e,cuopt,19.859622644554577,0.8946
iML1515,EX_ala__L_e,EX_ala__L_e,gurobi,19.859622641509418,0.029418080113828182
iML1515,EX_gly_e,EX_gly_e,cuopt,27.012173947081003,1.9111
iML1515,EX_gly_e,EX_gly_e,gurobi,27.01217391304346,0.03016394004225731
iML1515,EX_lys__L_e,EX_lys__L_e,cuopt,7.722666663719207,1.044
iML1515,EX_lys__L_e,EX_lys__L_e,gurobi,7.722666666666667,0.032550924457609653
iML1515,EX_glu__L_e,EX_glu__L_e,cuopt,11.814927834131714,1.3424
iML1515,EX_glu__L_e,EX_glu__L_e,gurobi,11.814927835051723,0.036199270747601986
iML1515,EX_phe__L_e,EX_phe__L_e,cuopt,5.4275229345985725,0.9028
iML1515,EX_phe__L_e,EX_phe__L_e,gurobi,5.427522935779815,0.033592320047318935
iML1515,EX_trp__L_e,EX_trp__L_e,cuopt,4.464905658974992,1.0013
iML1515,EX_trp__L_e,EX_trp__L_e,gurobi,4.464905660377357,0.03231034800410271
iML1515,EX_ac_e,EX_ac_e,cuopt,28.795175905630174,1.5173
iML1515,EX_ac_e,EX_ac_e,gurobi,28.79517587939324,0.03231090307235718
iML1515,EX_etoh_e,EX_etoh_e,cuopt,20.00000001197625,1.391
iML1515,EX_etoh_e,EX_etoh_e,gurobi,19.99999999999999,0.03265258949249983
iML1515,EX_for_e,EX_for_e,cuopt,102.25600002767085,4.5343
iML1515,EX_for_e,EX_for_e,gurobi,102.25599999999999,0.027518458664417267
iML1515,EX_lac__D_e,EX_lac__D_e,cuopt,19.99999998505068,1.0946
iML1515,EX_lac__D_e,EX_lac__D_e,gurobi,20.000000000000078,0.03487633168697357
iML1515,EX_succ_e,EX_succ_e,cuopt,17.137454545893032,1.0963
iML1515,EX_succ_e,EX_succ_e,gurobi,17.137454545454528,0.03365659900009632
iML1515,EX_pyr_e,EX_pyr_e,cuopt,23.056507932773624,1.7142
iML1515,EX_pyr_e,EX_pyr_e,gurobi,23.056507936508524,0.034093983471393585
iML1515,EX_glyc_e,EX_glyc_e,cuopt,15.636610169014876,0.9911
iML1515,EX_glyc_e,EX_glyc_e,gurobi,15.636610169491533,0.031480543315410614
iML1515,EX_ptrc_e,EX_ptrc_e,cuopt,9.564770647721781,1.0646
iML1515,EX_ptrc_e,EX_ptrc_e,gurobi,9.564770642201836,0.03295959625393152
iML1515,EX_15dap_e,EX_15dap_e,cuopt,7.722666665165044,0.9656
iML1515,EX_15dap_e,EX_15dap_e,gurobi,7.722666666666696,0.03302121255546808
iML1515,EX_octa_e,EX_octa_e,cuopt,-0.0,5.2013
iML1515,EX_octa_e,EX_octa_e,gurobi,-0.0,0.07010675501078367
iML1515,EX_hdca_e,EX_hdca_e,cuopt,-0.0,5.203
iML1515,EX_hdca_e,EX_hdca_e,gurobi,-0.0,0.048600781708955765
iML1515,EX_ocdcea_e,EX_ocdcea_e,cuopt,-0.0,5.2295
iML1515,EX_ocdcea_e,EX_ocdcea_e,gurobi,-0.0,0.048920003697276115
iML1515,EX_btn_e,EX_btn_e,cuopt,-0.0,5.2695
iML1515,EX_btn_e,EX_btn_e,gurobi,-0.0,0.05593718867748976
iML1515,EX_thm_e,EX_thm_e,cuopt,-0.0,5.3584
iML1515,EX_thm_e,EX_thm_e,gurobi,-0.0,0.06387695949524641
iML1515,EX_adocbl_e,EX_adocbl_e,cuopt,-0.0,5.2502
iML1515,EX_adocbl_e,EX_adocbl_e,gurobi,-0.0,0.0484734270721674
iML1515,EX_adn_e,EX_adn_e,cuopt,5.329729728906952,1.3093
iML1515,EX_adn_e,EX_adn_e,gurobi,5.329729729730161,0.032127984799444675
iML1515,EX_uri_e,EX_uri_e,cuopt,6.51004125929126,0.8433
iML1515,EX_uri_e,EX_uri_e,gurobi,6.51004126547457,0.033327952958643436
Harvey,Whole_body_objective_rxn,Whole_body_objective_rxn,cuopt,1.0,1.765
Harvey,Whole_body_objective_rxn,Whole_body_objective_rxn,gurobi,1.0,3.1776638757437468
Harvey,Adipocytes_biomass_maintenance,Adipocytes_biomass_maintenance,cuopt,21.428571428571427,1.7328
Harvey,Adipocytes_biomass_maintenance,Adipocytes_biomass_maintenance,gurobi,21.428571428571427,3.888671837747097
Harvey,Agland_biomass_maintenance,Agland_biomass_maintenance,cuopt,0.02,1.7456
Harvey,Agland_biomass_maintenance,Agland_biomass_maintenance,gurobi,0.02,3.86385306622833
Harvey,Brain_biomass_maintenance,Brain_biomass_maintenance,cuopt,2.0,1.7588
Harvey,Brain_biomass_maintenance,Brain_biomass_maintenance,gurobi,2.0,3.164394567720592
Harvey,Colon_biomass_maintenance,Colon_biomass_maintenance,cuopt,0.4285714285714285,1.7277
Harvey,Colon_biomass_maintenance,Colon_biomass_maintenance,gurobi,0.4285714285714285,3.9385493649169803
Harvey,Heart_biomass_maintenance,Heart_biomass_maintenance,cuopt,0.4728571428571428,1.7104
Harvey,Heart_biomass_maintenance,Heart_biomass_maintenance,gurobi,0.4728571428571428,3.944808996282518
Harvey,Kidney_biomass_maintenance,Kidney_biomass_maintenance,cuopt,0.44285714285714284,5.473
Harvey,Kidney_biomass_maintenance,Kidney_biomass_maintenance,gurobi,0.44285714285714284,2.9955749567598104
Harvey,Liver_biomass_maintenance,Liver_biomass_maintenance,cuopt,2.5714285714285716,5.5093
Harvey,Liver_biomass_maintenance,Liver_biomass_maintenance,gurobi,2.5714285714285716,3.013632752932608
Harvey,Lung_biomass_maintenance,Lung_biomass_maintenance,cuopt,0.7657142857142857,5.5856
Harvey,Lung_biomass_maintenance,Lung_biomass_maintenance,gurobi,0.7657142857142857,3.0656902194023132
Harvey,Muscle_biomass_maintenance,Muscle_biomass_maintenance,cuopt,40.0,5.5855
Harvey,Muscle_biomass_maintenance,Muscle_biomass_maintenance,gurobi,40.0,3.0352326817810535
Harvey,Pancreas_biomass_maintenance,Pancreas_biomass_maintenance,cuopt,0.14285714285714285,1.7235
Harvey,Pancreas_biomass_maintenance,Pancreas_biomass_maintenance,gurobi,0.14285714285714285,2.961234007962048
Harvey,Retina_biomass_maintenance,Retina_biomass_maintenance,cuopt,0.0004657142857142857,1.7298
Harvey,Retina_biomass_maintenance,Retina_biomass_maintenance,gurobi,0.0004657142857142857,2.9673065906390548
Harvey,Scord_biomass_maintenance,Scord_biomass_maintenance,cuopt,0.04285714285714286,1.7306
Harvey,Scord_biomass_maintenance,Scord_biomass_maintenance,gurobi,0.04285714285714286,2.9540767166763544
Harvey,Skin_biomass_maintenance,Skin_biomass_maintenance,cuopt,3.7142857142857144,1.7268
Harvey,Skin_biomass_maintenance,Skin_biomass_maintenance,gurobi,3.7142857142857144,2.9689364321529865
Harvey,Spleen_biomass_maintenance,Spleen_biomass_maintenance,cuopt,0.2571428571428571,1.7388
Harvey,Spleen_biomass_maintenance,Spleen_biomass_maintenance,gurobi,0.2571428571428571,2.9492207756266
Harvey,Stomach_biomass_maintenance,Stomach_biomass_maintenance,cuopt,0.21428571428571425,1.7304
Harvey,Stomach_biomass_maintenance,Stomach_biomass_maintenance,gurobi,0.21428571428571425,2.9546564677730203
Harvey,Thyroidgland_biomass_maintenance,Thyroidgland_biomass_maintenance,cuopt,0.028571428571428567,1.7283
Harvey,Thyroidgland_biomass_maintenance,Thyroidgland_biomass_maintenance,gurobi,0.028571428571428567,2.9807599363848567
Harvey,Urinarybladder_biomass_maintenance,Urinarybladder_biomass_maintenance,cuopt,0.06428571428571428,1.7251
Harvey,Urinarybladder_biomass_maintenance,Urinarybladder_biomass_maintenance,gurobi,0.06428571428571428,2.948188460431993
Harvey,Bcells_biomass_maintenance,Bcells_biomass_maintenance,cuopt,0.0021214285714285714,1.7367
Harvey,Bcells_biomass_maintenance,Bcells_biomass_maintenance,gurobi,0.0021214285714285714,2.9649139437824488
Harvey,CD4Tcells_biomass_maintenance,CD4Tcells_biomass_maintenance,cuopt,0.011785714285714287,1.7484
Harvey,CD4Tcells_biomass_maintenance,CD4Tcells_biomass_maintenance,gurobi,0.011785714285714287,2.951280817389488
Harvey,Monocyte_biomass_maintenance,Monocyte_biomass_maintenance,cuopt,0.003928571428571429,1.7555
Harvey,Monocyte_biomass_maintenance,Monocyte_biomass_maintenance,gurobi,0.003928571428571429,2.946898560039699
Harvey,Nkcells_biomass_maintenance,Nkcells_biomass_maintenance,cuopt,0.0035357142857142857,1.7393
Harvey,Nkcells_biomass_maintenance,Nkcells_biomass_maintenance,gurobi,0.0035357142857142857,2.899330835789442
Harvey,Platelet_biomass_maintenance_noTrTr,Platelet_biomass_maintenance_noTrTr,cuopt,0.028571428571428567,1.7398
Harvey,Platelet_biomass_maintenance_noTrTr,Platelet_biomass_maintenance_noTrTr,gurobi,0.028571428571428567,2.9029735596850514
Harvey,RBC_biomass_maintenance_noTrTr,RBC_biomass_maintenance_noTrTr,cuopt,3.5357142857142856,1.7467
Harvey,RBC_biomass_maintenance_noTrTr,RBC_biomass_maintenance_noTrTr,gurobi,3.5357142857142856,2.9029357377439737
Harvey,Testis_biomass_maintenance,Testis_biomass_maintenance,cuopt,0.05,1.7402
Harvey,Testis_biomass_maintenance,Testis_biomass_maintenance,gurobi,0.05,2.935286995023489
S84,Whole_body_objective_rxn,Whole_body_objective_rxn,cuopt,1.0,25.9829
S84,Whole_body_objective_rxn,Whole_body_objective_rxn,gurobi,1.0,43.28545133955777
S84,Adipocytes_biomass_maintenance,Adipocytes_biomass_maintenance,cuopt,21.428571428571427,25.9649
S84,Adipocytes_biomass_maintenance,Adipocytes_biomass_maintenance,gurobi,21.428571428571427,55.40594647824764
S84,Agland_biomass_maintenance,Agland_biomass_maintenance,cuopt,0.02,25.8841
S84,Agland_biomass_maintenance,Agland_biomass_maintenance,gurobi,0.02,43.44207290560007
S84,Bcells_biomass_maintenance,Bcells_biomass_maintenance,cuopt,0.0021214285714285714,26.0104
S84,Bcells_biomass_maintenance,Bcells_biomass_maintenance,gurobi,0.0021214285714285714,43.467380529269576
S84,Brain_biomass_maintenance,Brain_biomass_maintenance,cuopt,2.0,26.0346
S84,Brain_biomass_maintenance,Brain_biomass_maintenance,gurobi,2.0,43.490109586156905
S84,CD4Tcells_biomass_maintenance,CD4Tcells_biomass_maintenance,cuopt,0.011785714285714287,26.0973
S84,CD4Tcells_biomass_maintenance,CD4Tcells_biomass_maintenance,gurobi,0.011785714285714287,43.74294406734407
S84,Colon_biomass_maintenance,Colon_biomass_maintenance,cuopt,0.4285714285714285,25.9892
S84,Colon_biomass_maintenance,Colon_biomass_maintenance,gurobi,0.4285714285714285,43.50339728407562
S84,Gall_biomass_maintenance,Gall_biomass_maintenance,cuopt,0.014285714285714284,25.9045
S84,Gall_biomass_maintenance,Gall_biomass_maintenance,gurobi,0.014285714285714284,43.650964703410864
S84,Heart_biomass_maintenance,Heart_biomass_maintenance,cuopt,0.4728571428571428,25.9104
S84,Heart_biomass_maintenance,Heart_biomass_maintenance,gurobi,0.4728571428571428,43.43264666199684
S84,Kidney_biomass_maintenance,Kidney_biomass_maintenance,cuopt,0.44285714285714284,25.9749
S84,Kidney_biomass_maintenance,Kidney_biomass_maintenance,gurobi,0.44285714285714284,43.6810218365863
S84,Liver_biomass_maintenance,Liver_biomass_maintenance,cuopt,2.5714285714285716,25.9018
S84,Liver_biomass_maintenance,Liver_biomass_maintenance,gurobi,2.5714285714285716,43.37711558677256
S84,Lung_biomass_maintenance,Lung_biomass_maintenance,cuopt,0.7657142857142857,25.9262
S84,Lung_biomass_maintenance,Lung_biomass_maintenance,gurobi,0.7657142857142857,43.44152034353465
S84,Monocyte_biomass_maintenance,Monocyte_biomass_maintenance,cuopt,0.003928571428571429,25.9367
S84,Monocyte_biomass_maintenance,Monocyte_biomass_maintenance,gurobi,0.003928571428571429,43.41088862810284
S84,Muscle_biomass_maintenance,Muscle_biomass_maintenance,cuopt,40.0,25.9145
S84,Muscle_biomass_maintenance,Muscle_biomass_maintenance,gurobi,40.0,55.32413756288588
S84,Nkcells_biomass_maintenance,Nkcells_biomass_maintenance,cuopt,0.0035357142857142857,26.074
S84,Nkcells_biomass_maintenance,Nkcells_biomass_maintenance,gurobi,0.0035357142857142857,43.52108128648251
S84,Pancreas_biomass_maintenance,Pancreas_biomass_maintenance,cuopt,0.14285714285714285,25.9565
S84,Pancreas_biomass_maintenance,Pancreas_biomass_maintenance,gurobi,0.14285714285714285,43.460772522725165
S84,Platelet_biomass_maintenance_noTrTr,Platelet_biomass_maintenance_noTrTr,cuopt,0.028571428571428567,25.9861
S84,Platelet_biomass_maintenance_noTrTr,Platelet_biomass_maintenance_noTrTr,gurobi,0.028571428571428567,43.583334274590015
S84,Prostate_biomass_maintenance,Prostate_biomass_maintenance,cuopt,0.022857142857142857,26.133
S84,Prostate_biomass_maintenance,Prostate_biomass_maintenance,gurobi,0.022857142857142857,43.65156044717878
S84,Pthyroidgland_biomass_maintenance,Pthyroidgland_biomass_maintenance,cuopt,0.00017142857142857143,25.989
S84,Pthyroidgland_biomass_maintenance,Pthyroidgland_biomass_maintenance,gurobi,0.00017142857142857143,43.64245073124766
S84,RBC_biomass_maintenance_noTrTr,RBC_biomass_maintenance_noTrTr,cuopt,3.5357142857142856,25.9812
S84,RBC_biomass_maintenance_noTrTr,RBC_biomass_maintenance_noTrTr,gurobi,3.5357142857142856,43.516070558689535
S84,Retina_biomass_maintenance,Retina_biomass_maintenance,cuopt,0.0004657142857142857,26.0873
S84,Retina_biomass_maintenance,Retina_biomass_maintenance,gurobi,0.0004657142857142857,43.4689034987241
S84,Scord_biomass_maintenance,Scord_biomass_maintenance,cuopt,0.04285714285714286,26.1154
S84,Scord_biomass_maintenance,Scord_biomass_maintenance,gurobi,0.04285714285714286,43.64660667441785
S84,Skin_biomass_maintenance,Skin_biomass_maintenance,cuopt,3.7142857142857144,26.1398
S84,Skin_biomass_maintenance,Skin_biomass_maintenance,gurobi,3.7142857142857144,43.5012526139617
S84,Spleen_biomass_maintenance,Spleen_biomass_maintenance,cuopt,0.2571428571428571,25.4231
S84,Spleen_biomass_maintenance,Spleen_biomass_maintenance,gurobi,0.2571428571428571,42.402155708521605
S84,Stomach_biomass_maintenance,Stomach_biomass_maintenance,cuopt,0.21428571428571425,25.223
S84,Stomach_biomass_maintenance,Stomach_biomass_maintenance,gurobi,0.21428571428571425,42.389962495304644
S84,Testis_biomass_maintenance,Testis_biomass_maintenance,cuopt,0.05,25.2183
S84,Testis_biomass_maintenance,Testis_biomass_maintenance,gurobi,0.05,42.48109230864793
S84,Thyroidgland_biomass_maintenance,Thyroidgland_biomass_maintenance,cuopt,0.028571428571428567,25.3567
S84,Thyroidgland_biomass_maintenance,Thyroidgland_biomass_maintenance,gurobi,0.028571428571428567,41.92639013193548
S84,Urinarybladder_biomass_maintenance,Urinarybladder_biomass_maintenance,cuopt,0.06428571428571428,25.369
S84,Urinarybladder_biomass_maintenance,Urinarybladder_biomass_maintenance,gurobi,0.06428571428571428,41.905460270121694
S84,panBacteroides_thetaiotaomicron_biomassPan,panBacteroides_thetaiotaomicron_biomassPan,cuopt,0.00255031,25.3585
S84,panBacteroides_thetaiotaomicron_biomassPan,panBacteroides_thetaiotaomicron_biomassPan,gurobi,0.00255031,41.89795732591301
S84,panFaecalibacterium_prausnitzii_biomassPan,panFaecalibacterium_prausnitzii_biomassPan,cuopt,0.00419289,25.3331
S84,panFaecalibacterium_prausnitzii_biomassPan,panFaecalibacterium_prausnitzii_biomassPan,gurobi,0.00419289,41.859665158204734
S84,panEscherichia_coli_biomassPan,panEscherichia_coli_biomassPan,cuopt,0.00702725,25.3191
S84,panEscherichia_coli_biomassPan,panEscherichia_coli_biomassPan,gurobi,0.00702725,41.89026178698987
S84,panAkkermansia_muciniphila_biomassPan,panAkkermansia_muciniphila_biomassPan,cuopt,0.000988014,25.3324
S84,panAkkermansia_muciniphila_biomassPan,panAkkermansia_muciniphila_biomassPan,gurobi,0.000988014,42.00547293853015
S84,panBifidobacterium_longum_biomassPan,panBifidobacterium_longum_biomassPan,cuopt,0.000290229,25.3468
S84,panBifidobacterium_longum_biomassPan,panBifidobacterium_longum_biomassPan,gurobi,0.000290229,41.90601332485676
S84,panRoseburia_intestinalis_biomassPan,panRoseburia_intestinalis_biomassPan,cuopt,0.00035198,25.4036
S84,panRoseburia_intestinalis_biomassPan,panRoseburia_intestinalis_biomassPan,gurobi,0.00035198,42.18901697732508
S84,panEnterococcus_faecalis_biomassPan,panEnterococcus_faecalis_biomassPan,cuopt,0.000123502,25.7014
S84,panEnterococcus_faecalis_biomassPan,panEnterococcus_faecalis_biomassPan,gurobi,0.000123502,41.90940974932164
S84,panParabacteroides_distasonis_biomassPan,panParabacteroides_distasonis_biomassPan,cuopt,0.00116092,25.3533
S84,panParabacteroides_distasonis_biomassPan,panParabacteroides_distasonis_biomassPan,gurobi,0.00116092,42.03110807109624
S84,panAlistipes_finegoldii_biomassPan,panAlistipes_finegoldii_biomassPan,cuopt,4.322560000000001e-05,25.3564
S84,panAlistipes_finegoldii_biomassPan,panAlistipes_finegoldii_biomassPan,gurobi,4.32256e-05,41.919910319149494
S84,panBlautia_obeum_biomassPan,panBlautia_obeum_biomassPan,cuopt,0.00329132,25.1744
S84,panBlautia_obeum_biomassPan,panBlautia_obeum_biomassPan,gurobi,0.00329132,41.822167210280895
S84,panFusobacterium_nucleatum_biomassPan,panFusobacterium_nucleatum_biomassPan,cuopt,1.23502e-05,25.3429
S84,panFusobacterium_nucleatum_biomassPan,panFusobacterium_nucleatum_biomassPan,gurobi,1.23502e-05,42.03723431658
S84,panKlebsiella_pneumoniae_biomassPan,panKlebsiella_pneumoniae_biomassPan,cuopt,4.94007e-05,25.3592
S84,panKlebsiella_pneumoniae_biomassPan,panKlebsiella_pneumoniae_biomassPan,gurobi,4.94007e-05,41.976449745707214
S84,panMethanobrevibacter_smithii_biomassPan,panMethanobrevibacter_smithii_biomassPan,cuopt,0.00019142800000000002,25.3933
S84,panMethanobrevibacter_smithii_biomassPan,panMethanobrevibacter_smithii_biomassPan,gurobi,0.00019142800000000002,42.82926295977086
S84,panDesulfovibrio_piger_biomassPan,panDesulfovibrio_piger_biomassPan,cuopt,6.7926e-05,25.254
S84,panDesulfovibrio_piger_biomassPan,panDesulfovibrio_piger_biomassPan,gurobi,6.7926e-05,42.36785817332566
S84,panStreptococcus_salivarius_biomassPan,panStreptococcus_salivarius_biomassPan,cuopt,0.00414966,25.3612
S84,panStreptococcus_salivarius_biomassPan,panStreptococcus_salivarius_biomassPan,gurobi,0.00414966,42.445414314977825
S84,panVeillonella_parvula_biomassPan,panVeillonella_parvula_biomassPan,cuopt,2.47004e-05,25.2541
S84,panVeillonella_parvula_biomassPan,panVeillonella_parvula_biomassPan,gurobi,2.47004e-05,42.40487877652049
S84,panClostridioides_difficile_biomassPan,panClostridioides_difficile_biomassPan,cuopt,0.00394588,25.2128
S84,panClostridioides_difficile_biomassPan,panClostridioides_difficile_biomassPan,gurobi,0.00394588,42.344107314012945
S84,panClostridium_perfringens_biomassPan,panClostridium_perfringens_biomassPan,cuopt,6.17509e-05,25.4107
S84,panClostridium_perfringens_biomassPan,panClostridium_perfringens_biomassPan,gurobi,6.17509e-05,42.401970953680575
S84,panCoprococcus_comes_biomassPan,panCoprococcus_comes_biomassPan,cuopt,6.7926e-05,25.23
S84,panCoprococcus_comes_biomassPan,panCoprococcus_comes_biomassPan,gurobi,6.7926e-05,42.470549535006285
S84,panDorea_formicigenerans_biomassPan,panDorea_formicigenerans_biomassPan,cuopt,0.000277879,25.4228
S84,panDorea_formicigenerans_biomassPan,panDorea_formicigenerans_biomassPan,gurobi,0.000277879,42.54149716068059
S84,panCollinsella_aerofaciens_biomassPan,panCollinsella_aerofaciens_biomassPan,cuopt,0.000148202,25.4213
S84,panCollinsella_aerofaciens_biomassPan,panCollinsella_aerofaciens_biomassPan,gurobi,0.000148202,42.3171257795766
S84,panSubdoligranulum_variabile_biomassPan,panSubdoligranulum_variabile_biomassPan,cuopt,0.00114857,25.4733
S84,panSubdoligranulum_variabile_biomassPan,panSubdoligranulum_variabile_biomassPan,gurobi,0.00114857,43.53941023070365
S85,Whole_body_objective_rxn,Whole_body_objective_rxn,cuopt,1.0,512.3696
S85,Whole_body_objective_rxn,Whole_body_objective_rxn,gurobi,1.0,56.71374021284282
S85,Adipocytes_biomass_maintenance,Adipocytes_biomass_maintenance,cuopt,21.428571428571427,511.9414
S85,Adipocytes_biomass_maintenance,Adipocytes_biomass_maintenance,gurobi,21.428571428571427,76.23210612870753
S85,Agland_biomass_maintenance,Agland_biomass_maintenance,cuopt,0.02,512.3
S85,Agland_biomass_maintenance,Agland_biomass_maintenance,gurobi,0.02,55.802716546691954
S85,Bcells_biomass_maintenance,Bcells_biomass_maintenance,cuopt,0.0021214285714285714,512.2704
S85,Bcells_biomass_maintenance,Bcells_biomass_maintenance,gurobi,0.0021214285714285714,53.548424099572
S85,Brain_biomass_maintenance,Brain_biomass_maintenance,cuopt,2.0,509.8176
S85,Brain_biomass_maintenance,Brain_biomass_maintenance,gurobi,2.0,52.119225803762674
S85,CD4Tcells_biomass_maintenance,CD4Tcells_biomass_maintenance,cuopt,0.011785714285714287,510.5274
S85,CD4Tcells_biomass_maintenance,CD4Tcells_biomass_maintenance,gurobi,0.011785714285714287,52.37418576981872
S85,Colon_biomass_maintenance,Colon_biomass_maintenance,cuopt,0.4285714285714285,510.4842
S85,Colon_biomass_maintenance,Colon_biomass_maintenance,gurobi,0.4285714285714285,56.90009296499193
S85,Gall_biomass_maintenance,Gall_biomass_maintenance,cuopt,0.014285714285714284,510.5559
S85,Gall_biomass_maintenance,Gall_biomass_maintenance,gurobi,0.014285714285714284,51.843703457154334
S85,Heart_biomass_maintenance,Heart_biomass_maintenance,cuopt,0.4728571428571428,511.0429
S85,Heart_biomass_maintenance,Heart_biomass_maintenance,gurobi,0.4728571428571428,55.543739749118686
S85,Kidney_biomass_maintenance,Kidney_biomass_maintenance,cuopt,0.44285714285714284,510.6047
S85,Kidney_biomass_maintenance,Kidney_biomass_maintenance,gurobi,0.44285714285714284,55.55455803219229
S85,Liver_biomass_maintenance,Liver_biomass_maintenance,cuopt,2.5714285714285716,510.471
S85,Liver_biomass_maintenance,Liver_biomass_maintenance,gurobi,2.5714285714285716,51.73048450984061
S85,Lung_biomass_maintenance,Lung_biomass_maintenance,cuopt,0.7657142857142857,510.3058
S85,Lung_biomass_maintenance,Lung_biomass_maintenance,gurobi,0.7657142857142857,51.90445218235254
S85,Monocyte_biomass_maintenance,Monocyte_biomass_maintenance,cuopt,0.003928571428571429,510.4255
S85,Monocyte_biomass_maintenance,Monocyte_biomass_maintenance,gurobi,0.003928571428571429,51.88011446595192
S85,Muscle_biomass_maintenance,Muscle_biomass_maintenance,cuopt,40.0,509.9952
S85,Muscle_biomass_maintenance,Muscle_biomass_maintenance,gurobi,40.0,77.70696297753602
S85,Nkcells_biomass_maintenance,Nkcells_biomass_maintenance,cuopt,0.0035357142857142857,507.6091
S85,Nkcells_biomass_maintenance,Nkcells_biomass_maintenance,gurobi,0.0035357142857142857,55.76423651538789
S85,Pancreas_biomass_maintenance,Pancreas_biomass_maintenance,cuopt,0.14285714285714285,509.9836
S85,Pancreas_biomass_maintenance,Pancreas_biomass_maintenance,gurobi,0.14285714285714285,54.76466343738139
S85,Platelet_biomass_maintenance_noTrTr,Platelet_biomass_maintenance_noTrTr,cuopt,0.028571428571428567,509.9482
S85,Platelet_biomass_maintenance_noTrTr,Platelet_biomass_maintenance_noTrTr,gurobi,0.028571428571428567,54.8869837904349
S85,Prostate_biomass_maintenance,Prostate_biomass_maintenance,cuopt,0.022857142857142857,509.6936
S85,Prostate_biomass_maintenance,Prostate_biomass_maintenance,gurobi,0.022857142857142857,54.78814513515681
S85,Pthyroidgland_biomass_maintenance,Pthyroidgland_biomass_maintenance,cuopt,0.00017142857142857143,509.4785
S85,Pthyroidgland_biomass_maintenance,Pthyroidgland_biomass_maintenance,gurobi,0.00017142857142857143,51.93266962096095
S85,RBC_biomass_maintenance_noTrTr,RBC_biomass_maintenance_noTrTr,cuopt,3.5357142857142856,509.5341
S85,RBC_biomass_maintenance_noTrTr,RBC_biomass_maintenance_noTrTr,gurobi,3.5357142857142856,51.94996539968997
S85,Retina_biomass_maintenance,Retina_biomass_maintenance,cuopt,0.0004657142857142857,509.6303
S85,Retina_biomass_maintenance,Retina_biomass_maintenance,gurobi,0.0004657142857142857,54.43802702706307
S85,Scord_biomass_maintenance,Scord_biomass_maintenance,cuopt,0.04285714285714286,509.6264
S85,Scord_biomass_maintenance,Scord_biomass_maintenance,gurobi,0.04285714285714286,53.55816662404686
S85,Skin_biomass_maintenance,Skin_biomass_maintenance,cuopt,3.7142857142857144,509.8803
S85,Skin_biomass_maintenance,Skin_biomass_maintenance,gurobi,3.7142857142857144,53.83358149975538
S85,Spleen_biomass_maintenance,Spleen_biomass_maintenance,cuopt,0.2571428571428571,509.482
S85,Spleen_biomass_maintenance,Spleen_biomass_maintenance,gurobi,0.2571428571428571,55.46701684873551
S85,Stomach_biomass_maintenance,Stomach_biomass_maintenance,cuopt,0.21428571428571425,506.3414
S85,Stomach_biomass_maintenance,Stomach_biomass_maintenance,gurobi,0.21428571428571425,51.82966185361147
S85,Testis_biomass_maintenance,Testis_biomass_maintenance,cuopt,0.05,506.4499
S85,Testis_biomass_maintenance,Testis_biomass_maintenance,gurobi,0.05,51.73732327390462
S85,Thyroidgland_biomass_maintenance,Thyroidgland_biomass_maintenance,cuopt,0.028571428571428567,509.26
S85,Thyroidgland_biomass_maintenance,Thyroidgland_biomass_maintenance,gurobi,0.028571428571428567,52.02777701430023
S85,Urinarybladder_biomass_maintenance,Urinarybladder_biomass_maintenance,cuopt,0.06428571428571428,509.553
S85,Urinarybladder_biomass_maintenance,Urinarybladder_biomass_maintenance,gurobi,0.06428571428571428,53.19198113121092
S85,panBacteroides_thetaiotaomicron_biomassPan,panBacteroides_thetaiotaomicron_biomassPan,cuopt,0.0019211,509.4326
S85,panBacteroides_thetaiotaomicron_biomassPan,panBacteroides_thetaiotaomicron_biomassPan,gurobi,0.0019211,51.710952922701836
S85,panFaecalibacterium_prausnitzii_biomassPan,panFaecalibacterium_prausnitzii_biomassPan,cuopt,0.0074093100000000005,509.2863
S85,panFaecalibacterium_prausnitzii_biomassPan,panFaecalibacterium_prausnitzii_biomassPan,gurobi,0.00740931,53.21181608270854
S85,panEscherichia_coli_biomassPan,panEscherichia_coli_biomassPan,cuopt,0.0321393,509.0489
S85,panEscherichia_coli_biomassPan,panEscherichia_coli_biomassPan,gurobi,0.0321393,51.734438550658524
S85,panAkkermansia_muciniphila_biomassPan,panAkkermansia_muciniphila_biomassPan,cuopt,0.000101434,509.3361
S85,panAkkermansia_muciniphila_biomassPan,panAkkermansia_muciniphila_biomassPan,gurobi,0.000101434,53.409891141578555
S85,panBifidobacterium_longum_biomassPan,panBifidobacterium_longum_biomassPan,cuopt,0.000370389,509.7472
S85,panBifidobacterium_longum_biomassPan,panBifidobacterium_longum_biomassPan,gurobi,0.000370389,55.390155393630266
S85,panRoseburia_intestinalis_biomassPan,panRoseburia_intestinalis_biomassPan,cuopt,0.00163678,496.6066
S85,panRoseburia_intestinalis_biomassPan,panRoseburia_intestinalis_biomassPan,gurobi,0.00163678,55.47561259754002
S85,panEnterococcus_faecalis_biomassPan,panEnterococcus_faecalis_biomassPan,cuopt,6.30122e-05,509.9511
S85,panEnterococcus_faecalis_biomassPan,panEnterococcus_faecalis_biomassPan,gurobi,6.30122e-05,56.53078909497708
S85,panParabacteroides_distasonis_biomassPan,panParabacteroides_distasonis_biomassPan,cuopt,0.000491802,510.5981
S85,panParabacteroides_distasonis_biomassPan,panParabacteroides_distasonis_biomassPan,gurobi,0.000491802,56.60787639673799
S85,panAlistipes_finegoldii_biomassPan,panAlistipes_finegoldii_biomassPan,cuopt,4.61065e-06,424.3531
S85,panAlistipes_finegoldii_biomassPan,panAlistipes_finegoldii_biomassPan,gurobi,4.61065e-06,51.6965250140056
S85,panBlautia_obeum_biomassPan,panBlautia_obeum_biomassPan,cuopt,0.0104001,510.8617
S85,panBlautia_obeum_biomassPan,panBlautia_obeum_biomassPan,gurobi,0.0104001,55.04793709330261
S85,panFusobacterium_nucleatum_biomassPan,panFusobacterium_nucleatum_biomassPan,cuopt,3.07376e-06,613.295
S85,panFusobacterium_nucleatum_biomassPan,panFusobacterium_nucleatum_biomassPan,gurobi,3.07376e-06,54.92925925925374
S85,panKlebsiella_pneumoniae_biomassPan,panKlebsiella_pneumoniae_biomassPan,cuopt,0.00242827,520.5599
S85,panKlebsiella_pneumoniae_biomassPan,panKlebsiella_pneumoniae_biomassPan,gurobi,0.00242827,56.49232725985348
S85,panMethanobrevibacter_smithii_biomassPan,panMethanobrevibacter_smithii_biomassPan,cuopt,5.379090000000001e-05,511.8193
S85,panMethanobrevibacter_smithii_biomassPan,panMethanobrevibacter_smithii_biomassPan,gurobi,5.379090000000001e-05,53.3334061736241
S85,panDesulfovibrio_piger_biomassPan,panDesulfovibrio_piger_biomassPan,cuopt,1.07582e-05,511.962
S85,panDesulfovibrio_piger_biomassPan,panDesulfovibrio_piger_biomassPan,gurobi,1.07582e-05,52.81542565487325
S85,panStreptococcus_salivarius_biomassPan,panStreptococcus_salivarius_biomassPan,cuopt,0.029751,512.3883
S85,panStreptococcus_salivarius_biomassPan,panStreptococcus_salivarius_biomassPan,gurobi,0.029751,51.87180404923856
S85,panVeillonella_parvula_biomassPan,panVeillonella_parvula_biomassPan,cuopt,3.84221e-05,511.6911
S85,panVeillonella_parvula_biomassPan,panVeillonella_parvula_biomassPan,gurobi,3.84221e-05,54.37096006795764
S85,panClostridioides_difficile_biomassPan,panClostridioides_difficile_biomassPan,cuopt,0.00332428,512.4889
S85,panClostridioides_difficile_biomassPan,panClostridioides_difficile_biomassPan,gurobi,0.00332428,52.03455600142479
S85,panClostridium_perfringens_biomassPan,panClostridium_perfringens_biomassPan,cuopt,0.000121414,511.904
S85,panClostridium_perfringens_biomassPan,panClostridium_perfringens_biomassPan,gurobi,0.000121414,52.11024208832532
S85,panCoprococcus_comes_biomassPan,panCoprococcus_comes_biomassPan,cuopt,0.0008560430000000001,512.4065
S85,panCoprococcus_comes_biomassPan,panCoprococcus_comes_biomassPan,gurobi,0.0008560430000000001,52.0834232326597
S85,panDorea_formicigenerans_biomassPan,panDorea_formicigenerans_biomassPan,cuopt,0.0008376010000000001,512.1713
S85,panDorea_formicigenerans_biomassPan,panDorea_formicigenerans_biomassPan,gurobi,0.000837601,52.029880940914154
S85,panCollinsella_aerofaciens_biomassPan,panCollinsella_aerofaciens_biomassPan,cuopt,9.98973e-05,511.7794
S85,panCollinsella_aerofaciens_biomassPan,panCollinsella_aerofaciens_biomassPan,gurobi,9.98973e-05,53.907436362467706
S85,panSubdoligranulum_variabile_biomassPan,panSubdoligranulum_variabile_biomassPan,cuopt,0.0007300190000000002,511.5228
S85,panSubdoligranulum_variabile_biomassPan,panSubdoligranulum_variabile_biomassPan,gurobi,0.000730019,53.83173781167716
S9,Whole_body_objective_rxn,Whole_body_objective_rxn,cuopt,1.0,537.5605
S9,Whole_body_objective_rxn,Whole_body_objective_rxn,gurobi,1.0,75.26036783028394
S9,Adipocytes_biomass_maintenance,Adipocytes_biomass_maintenance,cuopt,21.428571428571427,537.7121
S9,Adipocytes_biomass_maintenance,Adipocytes_biomass_maintenance,gurobi,21.428571428571427,76.9125465368852
S9,Agland_biomass_maintenance,Agland_biomass_maintenance,cuopt,0.02,537.75
S9,Agland_biomass_maintenance,Agland_biomass_maintenance,gurobi,0.02,75.38322583865374
S9,Bcells_biomass_maintenance,Bcells_biomass_maintenance,cuopt,0.0021214285714285714,537.7451
S9,Bcells_biomass_maintenance,Bcells_biomass_maintenance,gurobi,0.0021214285714285714,71.91436114814132
S9,Brain_biomass_maintenance,Brain_biomass_maintenance,cuopt,2.0,537.9594
S9,Brain_biomass_maintenance,Brain_biomass_maintenance,gurobi,2.0,75.28715560864657
S9,CD4Tcells_biomass_maintenance,CD4Tcells_biomass_maintenance,cuopt,0.011785714285714287,537.7761
S9,CD4Tcells_biomass_maintenance,CD4Tcells_biomass_maintenance,gurobi,0.011785714285714287,76.63299926463515
S9,Colon_biomass_maintenance,Colon_biomass_maintenance,cuopt,0.4285714285714285,537.0384
S9,Colon_biomass_maintenance,Colon_biomass_maintenance,gurobi,0.4285714285714285,76.9642826858908
S9,Gall_biomass_maintenance,Gall_biomass_maintenance,cuopt,0.014285714285714284,537.1838
S9,Gall_biomass_maintenance,Gall_biomass_maintenance,gurobi,0.014285714285714284,74.51362111140043
S9,Heart_biomass_maintenance,Heart_biomass_maintenance,cuopt,0.4728571428571428,537.3633
S9,Heart_biomass_maintenance,Heart_biomass_maintenance,gurobi,0.4728571428571428,72.53761447872967
S9,Kidney_biomass_maintenance,Kidney_biomass_maintenance,cuopt,0.44285714285714284,537.0765
S9,Kidney_biomass_maintenance,Kidney_biomass_maintenance,gurobi,0.44285714285714284,74.63437534216791
S9,Liver_biomass_maintenance,Liver_biomass_maintenance,cuopt,2.5714285714285716,536.8208
S9,Liver_biomass_maintenance,Liver_biomass_maintenance,gurobi,2.5714285714285716,75.43696214351803
S9,Lung_biomass_maintenance,Lung_biomass_maintenance,cuopt,0.7657142857142857,536.6114
S9,Lung_biomass_maintenance,Lung_biomass_maintenance,gurobi,0.7657142857142857,75.85829315707088
S9,Monocyte_biomass_maintenance,Monocyte_biomass_maintenance,cuopt,0.003928571428571429,537.0337
S9,Monocyte_biomass_maintenance,Monocyte_biomass_maintenance,gurobi,0.003928571428571429,69.8332517920062
S9,Muscle_biomass_maintenance,Muscle_biomass_maintenance,cuopt,40.0,536.3506
S9,Muscle_biomass_maintenance,Muscle_biomass_maintenance,gurobi,40.0,75.14989456254989
S9,Nkcells_biomass_maintenance,Nkcells_biomass_maintenance,cuopt,0.0035357142857142857,536.2105
S9,Nkcells_biomass_maintenance,Nkcells_biomass_maintenance,gurobi,0.0035357142857142857,69.8160957545042
S9,Pancreas_biomass_maintenance,Pancreas_biomass_maintenance,cuopt,0.14285714285714285,536.3234
S9,Pancreas_biomass_maintenance,Pancreas_biomass_maintenance,gurobi,0.14285714285714285,70.1912850998342
S9,Platelet_biomass_maintenance_noTrTr,Platelet_biomass_maintenance_noTrTr,cuopt,0.028571428571428567,536.2429
S9,Platelet_biomass_maintenance_noTrTr,Platelet_biomass_maintenance_noTrTr,gurobi,0.028571428571428567,70.02388424053788
S9,Prostate_biomass_maintenance,Prostate_biomass_maintenance,cuopt,0.022857142857142857,536.3393
S9,Prostate_biomass_maintenance,Prostate_biomass_maintenance,gurobi,0.022857142857142857,75.6384906815365
S9,Pthyroidgland_biomass_maintenance,Pthyroidgland_biomass_maintenance,cuopt,0.00017142857142857143,536.1751
S9,Pthyroidgland_biomass_maintenance,Pthyroidgland_biomass_maintenance,gurobi,0.00017142857142857143,72.37689383421093
S9,RBC_biomass_maintenance_noTrTr,RBC_biomass_maintenance_noTrTr,cuopt,3.5357142857142856,536.4598
S9,RBC_biomass_maintenance_noTrTr,RBC_biomass_maintenance_noTrTr,gurobi,3.5357142857142856,69.8954966943711
S9,Retina_biomass_maintenance,Retina_biomass_maintenance,cuopt,0.0004657142857142857,536.4668
S9,Retina_biomass_maintenance,Retina_biomass_maintenance,gurobi,0.0004657142857142857,76.59931485261768
S9,Scord_biomass_maintenance,Scord_biomass_maintenance,cuopt,0.04285714285714286,536.4305
S9,Scord_biomass_maintenance,Scord_biomass_maintenance,gurobi,0.04285714285714286,76.58201056532562
S9,Skin_biomass_maintenance,Skin_biomass_maintenance,cuopt,3.7142857142857144,536.0799
S9,Skin_biomass_maintenance,Skin_biomass_maintenance,gurobi,3.7142857142857144,69.82442240975797
S9,Spleen_biomass_maintenance,Spleen_biomass_maintenance,cuopt,0.2571428571428571,536.1317
S9,Spleen_biomass_maintenance,Spleen_biomass_maintenance,gurobi,0.2571428571428571,69.92955347057432
S9,Stomach_biomass_maintenance,Stomach_biomass_maintenance,cuopt,0.21428571428571425,536.2957
S9,Stomach_biomass_maintenance,Stomach_biomass_maintenance,gurobi,0.21428571428571425,69.7208687113598
S9,Testis_biomass_maintenance,Testis_biomass_maintenance,cuopt,0.05,536.3884
S9,Testis_biomass_maintenance,Testis_biomass_maintenance,gurobi,0.05,72.01549904607236
S9,Thyroidgland_biomass_maintenance,Thyroidgland_biomass_maintenance,cuopt,0.028571428571428567,536.3548
S9,Thyroidgland_biomass_maintenance,Thyroidgland_biomass_maintenance,gurobi,0.028571428571428567,74.34978569392115
S9,Urinarybladder_biomass_maintenance,Urinarybladder_biomass_maintenance,cuopt,0.06428571428571428,535.8851
S9,Urinarybladder_biomass_maintenance,Urinarybladder_biomass_maintenance,gurobi,0.06428571428571428,75.56844421196729
S9,panBacteroides_thetaiotaomicron_biomassPan,panBacteroides_thetaiotaomicron_biomassPan,cuopt,0.00318284,536.405
S9,panBacteroides_thetaiotaomicron_biomassPan,panBacteroides_thetaiotaomicron_biomassPan,gurobi,0.00318284,74.03783941734582
S9,panFaecalibacterium_prausnitzii_biomassPan,panFaecalibacterium_prausnitzii_biomassPan,cuopt,0.237547,536.6423
S9,panFaecalibacterium_prausnitzii_biomassPan,panFaecalibacterium_prausnitzii_biomassPan,gurobi,0.237547,72.25471214111894
S9,panEscherichia_coli_biomassPan,panEscherichia_coli_biomassPan,cuopt,0.00042066400000000006,536.8187
S9,panEscherichia_coli_biomassPan,panEscherichia_coli_biomassPan,gurobi,0.00042066400000000006,75.87929465714842
S9,panAkkermansia_muciniphila_biomassPan,panAkkermansia_muciniphila_biomassPan,cuopt,0.232022,536.5556
S9,panAkkermansia_muciniphila_biomassPan,panAkkermansia_muciniphila_biomassPan,gurobi,0.232022,72.89322228450328
S9,panBifidobacterium_longum_biomassPan,panBifidobacterium_longum_biomassPan,cuopt,0.000606986,536.8034
S9,panBifidobacterium_longum_biomassPan,panBifidobacterium_longum_biomassPan,gurobi,0.000606986,72.75314902327955
S9,panRoseburia_intestinalis_biomassPan,panRoseburia_intestinalis_biomassPan,cuopt,0.0156357,536.7335
S9,panRoseburia_intestinalis_biomassPan,panRoseburia_intestinalis_biomassPan,gurobi,0.0156357,76.61989585123956
S9,panEnterococcus_faecalis_biomassPan,panEnterococcus_faecalis_biomassPan,cuopt,0.000599303,536.7544
S9,panEnterococcus_faecalis_biomassPan,panEnterococcus_faecalis_biomassPan,gurobi,0.000599303,73.45064715761691
S9,panParabacteroides_distasonis_biomassPan,panParabacteroides_distasonis_biomassPan,cuopt,0.010230399999999999,537.0424
S9,panParabacteroides_distasonis_biomassPan,panParabacteroides_distasonis_biomassPan,gurobi,0.010230399999999999,69.89928012993187
S9,panAlistipes_finegoldii_biomassPan,panAlistipes_finegoldii_biomassPan,cuopt,0.00416439,537.5324
S9,panAlistipes_finegoldii_biomassPan,panAlistipes_finegoldii_biomassPan,gurobi,0.00416439,71.8648784281686
S9,panBlautia_obeum_biomassPan,panBlautia_obeum_biomassPan,cuopt,0.0130829,537.4529
S9,panBlautia_obeum_biomassPan,panBlautia_obeum_biomassPan,gurobi,0.0130829,72.14606878254563
S9,panFusobacterium_nucleatum_biomassPan,panFusobacterium_nucleatum_biomassPan,cuopt,2.68918e-05,537.3365
S9,panFusobacterium_nucleatum_biomassPan,panFusobacterium_nucleatum_biomassPan,gurobi,2.68918e-05,72.79365298617631
S9,panKlebsiella_pneumoniae_biomassPan,panKlebsiella_pneumoniae_biomassPan,cuopt,0.00193045,537.7319
S9,panKlebsiella_pneumoniae_biomassPan,panKlebsiella_pneumoniae_biomassPan,gurobi,0.00193045,69.76666027866304
S9,panMethanobrevibacter_smithii_biomassPan,panMethanobrevibacter_smithii_biomassPan,cuopt,0.0181135,537.7266
S9,panMethanobrevibacter_smithii_biomassPan,panMethanobrevibacter_smithii_biomassPan,gurobi,0.0181135,71.84729077015072
S9,panDesulfovibrio_piger_biomassPan,panDesulfovibrio_piger_biomassPan,cuopt,0.010453200000000001,537.4391
S9,panDesulfovibrio_piger_biomassPan,panDesulfovibrio_piger_biomassPan,gurobi,0.010453200000000001,72.04469934571534
S9,panStreptococcus_salivarius_biomassPan,panStreptococcus_salivarius_biomassPan,cuopt,4.61002e-05,537.4791
S9,panStreptococcus_salivarius_biomassPan,panStreptococcus_salivarius_biomassPan,gurobi,4.61002e-05,69.93925572000444
S9,panVeillonella_parvula_biomassPan,panVeillonella_parvula_biomassPan,cuopt,0.000238184,537.7466
S9,panVeillonella_parvula_biomassPan,panVeillonella_parvula_biomassPan,gurobi,0.000238184,70.01755766756833
S9,panClostridioides_difficile_biomassPan,panClostridioides_difficile_biomassPan,cuopt,0.0035132200000000005,537.6323
S9,panClostridioides_difficile_biomassPan,panClostridioides_difficile_biomassPan,gurobi,0.00351322,70.14184759743512
S9,panClostridium_perfringens_biomassPan,panClostridium_perfringens_biomassPan,cuopt,0.000520548,537.8029
S9,panClostridium_perfringens_biomassPan,panClostridium_perfringens_biomassPan,gurobi,0.000520548,70.18280066456646
S9,panCoprococcus_comes_biomassPan,panCoprococcus_comes_biomassPan,cuopt,0.00426811,538.1408
S9,panCoprococcus_comes_biomassPan,panCoprococcus_comes_biomassPan,gurobi,0.00426811,70.2852980075404
S9,panDorea_formicigenerans_biomassPan,panDorea_formicigenerans_biomassPan,cuopt,0.00317899,538.0897
S9,panDorea_formicigenerans_biomassPan,panDorea_formicigenerans_biomassPan,gurobi,0.00317899,70.00688123796135
S9,panCollinsella_aerofaciens_biomassPan,panCollinsella_aerofaciens_biomassPan,cuopt,0.01951,537.6711
S9,panCollinsella_aerofaciens_biomassPan,panCollinsella_aerofaciens_biomassPan,gurobi,0.01951,70.05003494769335
S9,panSubdoligranulum_variabile_biomassPan,panSubdoligranulum_variabile_biomassPan,cuopt,0.0301841,537.6374
S9,panSubdoligranulum_variabile_biomassPan,panSubdoligranulum_variabile_biomassPan,gurobi,0.0301841,72.25708822254092
S15,Whole_body_objective_rxn,Whole_body_objective_rxn,cuopt,1.0,295.3709
S15,Whole_body_objective_rxn,Whole_body_objective_rxn,gurobi,1.0,89.15449163038284
S15,Adipocytes_biomass_maintenance,Adipocytes_biomass_maintenance,cuopt,21.428571428571427,295.2905
S15,Adipocytes_biomass_maintenance,Adipocytes_biomass_maintenance,gurobi,21.428571428571427,82.00418482720852
S15,Agland_biomass_maintenance,Agland_biomass_maintenance,cuopt,0.02,294.7289
S15,Agland_biomass_maintenance,Agland_biomass_maintenance,gurobi,0.02,88.9571792613715
S15,Bcells_biomass_maintenance,Bcells_biomass_maintenance,cuopt,0.0021214285714285714,295.171
S15,Bcells_biomass_maintenance,Bcells_biomass_maintenance,gurobi,0.0021214285714285714,82.93317020963877
S15,Brain_biomass_maintenance,Brain_biomass_maintenance,cuopt,2.0,295.0621
S15,Brain_biomass_maintenance,Brain_biomass_maintenance,gurobi,2.0,88.99848021753132
S15,CD4Tcells_biomass_maintenance,CD4Tcells_biomass_maintenance,cuopt,0.011785714285714287,294.9282
S15,CD4Tcells_biomass_maintenance,CD4Tcells_biomass_maintenance,gurobi,0.011785714285714287,85.40371364168823
S15,Colon_biomass_maintenance,Colon_biomass_maintenance,cuopt,0.4285714285714285,294.8137
S15,Colon_biomass_maintenance,Colon_biomass_maintenance,gurobi,0.4285714285714285,85.14850228000432
S15,Gall_biomass_maintenance,Gall_biomass_maintenance,cuopt,0.014285714285714284,294.9757
S15,Gall_biomass_maintenance,Gall_biomass_maintenance,gurobi,0.014285714285714284,87.4776703780517
S15,Heart_biomass_maintenance,Heart_biomass_maintenance,cuopt,0.4728571428571428,295.0647
S15,Heart_biomass_maintenance,Heart_biomass_maintenance,gurobi,0.4728571428571428,87.18078849837184
S15,Kidney_biomass_maintenance,Kidney_biomass_maintenance,cuopt,0.44285714285714284,294.8958
S15,Kidney_biomass_maintenance,Kidney_biomass_maintenance,gurobi,0.44285714285714284,87.14638436120003
S15,Liver_biomass_maintenance,Liver_biomass_maintenance,cuopt,2.5714285714285716,294.8287
S15,Liver_biomass_maintenance,Liver_biomass_maintenance,gurobi,2.5714285714285716,87.400276908651
S15,Lung_biomass_maintenance,Lung_biomass_maintenance,cuopt,0.7657142857142857,294.9651
S15,Lung_biomass_maintenance,Lung_biomass_maintenance,gurobi,0.7657142857142857,86.73096200544387
S15,Monocyte_biomass_maintenance,Monocyte_biomass_maintenance,cuopt,0.003928571428571429,295.0012
S15,Monocyte_biomass_maintenance,Monocyte_biomass_maintenance,gurobi,0.003928571428571429,87.83337138593197
S15,Muscle_biomass_maintenance,Muscle_biomass_maintenance,cuopt,40.0,294.5536
S15,Muscle_biomass_maintenance,Muscle_biomass_maintenance,gurobi,40.0,81.18202189449221
S15,Nkcells_biomass_maintenance,Nkcells_biomass_maintenance,cuopt,0.0035357142857142857,294.482
S15,Nkcells_biomass_maintenance,Nkcells_biomass_maintenance,gurobi,0.0035357142857142857,82.7849802300334
S15,Pancreas_biomass_maintenance,Pancreas_biomass_maintenance,cuopt,0.14285714285714285,294.4499
S15,Pancreas_biomass_maintenance,Pancreas_biomass_maintenance,gurobi,0.14285714285714285,83.47255896683782
S15,Platelet_biomass_maintenance_noTrTr,Platelet_biomass_maintenance_noTrTr,cuopt,0.028571428571428567,294.336
S15,Platelet_biomass_maintenance_noTrTr,Platelet_biomass_maintenance_noTrTr,gurobi,0.028571428571428567,82.95583255123347
S15,Prostate_biomass_maintenance,Prostate_biomass_maintenance,cuopt,0.022857142857142857,294.3771
S15,Prostate_biomass_maintenance,Prostate_biomass_maintenance,gurobi,0.022857142857142857,82.87722478527576
S15,Pthyroidgland_biomass_maintenance,Pthyroidgland_biomass_maintenance,cuopt,0.00017142857142857143,294.459
S15,Pthyroidgland_biomass_maintenance,Pthyroidgland_biomass_maintenance,gurobi,0.00017142857142857143,84.2548170844093
S15,RBC_biomass_maintenance_noTrTr,RBC_biomass_maintenance_noTrTr,cuopt,3.5357142857142856,294.3731
S15,RBC_biomass_maintenance_noTrTr,RBC_biomass_maintenance_noTrTr,gurobi,3.5357142857142856,84.34249372314662
S15,Retina_biomass_maintenance,Retina_biomass_maintenance,cuopt,0.0004657142857142857,294.3575
S15,Retina_biomass_maintenance,Retina_biomass_maintenance,gurobi,0.0004657142857142857,84.17434189282358
S15,Scord_biomass_maintenance,Scord_biomass_maintenance,cuopt,0.04285714285714286,294.459
S15,Scord_biomass_maintenance,Scord_biomass_maintenance,gurobi,0.04285714285714286,84.31005253177136
S15,Skin_biomass_maintenance,Skin_biomass_maintenance,cuopt,3.7142857142857144,294.5589
S15,Skin_biomass_maintenance,Skin_biomass_maintenance,gurobi,3.7142857142857144,81.75312265660614
S15,Spleen_biomass_maintenance,Spleen_biomass_maintenance,cuopt,0.2571428571428571,294.5078
S15,Spleen_biomass_maintenance,Spleen_biomass_maintenance,gurobi,0.2571428571428571,88.7996910745278
S15,Stomach_biomass_maintenance,Stomach_biomass_maintenance,cuopt,0.21428571428571425,294.4472
S15,Stomach_biomass_maintenance,Stomach_biomass_maintenance,gurobi,0.21428571428571425,88.23348601255566
S15,Testis_biomass_maintenance,Testis_biomass_maintenance,cuopt,0.05,294.3249
S15,Testis_biomass_maintenance,Testis_biomass_maintenance,gurobi,0.05,85.60194978956133
S15,Thyroidgland_biomass_maintenance,Thyroidgland_biomass_maintenance,cuopt,0.028571428571428567,294.2682
S15,Thyroidgland_biomass_maintenance,Thyroidgland_biomass_maintenance,gurobi,0.028571428571428567,83.6009597061202
S15,Urinarybladder_biomass_maintenance,Urinarybladder_biomass_maintenance,cuopt,0.06428571428571428,294.2598
S15,Urinarybladder_biomass_maintenance,Urinarybladder_biomass_maintenance,gurobi,0.06428571428571428,82.83590071927756
S15,panBacteroides_thetaiotaomicron_biomassPan,panBacteroides_thetaiotaomicron_biomassPan,cuopt,0.0312009,294.571
S15,panBacteroides_thetaiotaomicron_biomassPan,panBacteroides_thetaiotaomicron_biomassPan,gurobi,0.031200899999999997,85.62969859782606
S15,panFaecalibacterium_prausnitzii_biomassPan,panFaecalibacterium_prausnitzii_biomassPan,cuopt,0.09452930000000001,294.2554
S15,panFaecalibacterium_prausnitzii_biomassPan,panFaecalibacterium_prausnitzii_biomassPan,gurobi,0.0945293,87.1456200890243
S15,panEscherichia_coli_biomassPan,panEscherichia_coli_biomassPan,cuopt,0.00929079,294.5479
S15,panEscherichia_coli_biomassPan,panEscherichia_coli_biomassPan,gurobi,0.00929079,87.14115750603378
S15,panAkkermansia_muciniphila_biomassPan,panAkkermansia_muciniphila_biomassPan,cuopt,0.0163168,294.5932
S15,panAkkermansia_muciniphila_biomassPan,panAkkermansia_muciniphila_biomassPan,gurobi,0.0163168,88.33273459691554
S15,panBifidobacterium_longum_biomassPan,panBifidobacterium_longum_biomassPan,cuopt,0.0004847,294.5999
S15,panBifidobacterium_longum_biomassPan,panBifidobacterium_longum_biomassPan,gurobi,0.0004847,88.11824987083673
S15,panRoseburia_intestinalis_biomassPan,panRoseburia_intestinalis_biomassPan,cuopt,0.00874604,294.4039
S15,panRoseburia_intestinalis_biomassPan,panRoseburia_intestinalis_biomassPan,gurobi,0.00874604,88.14197538420558
S15,panEnterococcus_faecalis_biomassPan,panEnterococcus_faecalis_biomassPan,cuopt,0.00027881,294.6317
S15,panEnterococcus_faecalis_biomassPan,panEnterococcus_faecalis_biomassPan,gurobi,0.00027881,90.607656782493
S15,panParabacteroides_distasonis_biomassPan,panParabacteroides_distasonis_biomassPan,cuopt,0.0172605,294.4723
S15,panParabacteroides_distasonis_biomassPan,panParabacteroides_distasonis_biomassPan,gurobi,0.0172605,87.62811431474984
S15,panAlistipes_finegoldii_biomassPan,panAlistipes_finegoldii_biomassPan,cuopt,0.017402,294.5702
S15,panAlistipes_finegoldii_biomassPan,panAlistipes_finegoldii_biomassPan,gurobi,0.017402,85.66180706582963
S15,panBlautia_obeum_biomassPan,panBlautia_obeum_biomassPan,cuopt,0.0071461,294.5181
S15,panBlautia_obeum_biomassPan,panBlautia_obeum_biomassPan,gurobi,0.0071461,83.196014306508
S15,panFusobacterium_nucleatum_biomassPan,panFusobacterium_nucleatum_biomassPan,cuopt,4.289379999999999e-06,294.6068
S15,panFusobacterium_nucleatum_biomassPan,panFusobacterium_nucleatum_biomassPan,gurobi,4.28938e-06,82.97080114856362
S15,panKlebsiella_pneumoniae_biomassPan,panKlebsiella_pneumoniae_biomassPan,cuopt,0.0906131,294.5786
S15,panKlebsiella_pneumoniae_biomassPan,panKlebsiella_pneumoniae_biomassPan,gurobi,0.0906131,82.95597018301487
S15,panMethanobrevibacter_smithii_biomassPan,panMethanobrevibacter_smithii_biomassPan,cuopt,0.00643836,294.8761
S15,panMethanobrevibacter_smithii_biomassPan,panMethanobrevibacter_smithii_biomassPan,gurobi,0.00643836,82.96573048271239
S15,panDesulfovibrio_piger_biomassPan,panDesulfovibrio_piger_biomassPan,cuopt,0.00570487,294.8085
S15,panDesulfovibrio_piger_biomassPan,panDesulfovibrio_piger_biomassPan,gurobi,0.00570487,83.04776015784591
S15,panStreptococcus_salivarius_biomassPan,panStreptococcus_salivarius_biomassPan,cuopt,3.86044e-05,294.9407
S15,panStreptococcus_salivarius_biomassPan,panStreptococcus_salivarius_biomassPan,gurobi,3.86044e-05,87.15520960930735
S15,panVeillonella_parvula_biomassPan,panVeillonella_parvula_biomassPan,cuopt,0.000231626,294.9454
S15,panVeillonella_parvula_biomassPan,panVeillonella_parvula_biomassPan,gurobi,0.000231626,85.78188650961965
S15,panClostridioides_difficile_biomassPan,panClostridioides_difficile_biomassPan,cuopt,0.00168573,294.8472
S15,panClostridioides_difficile_biomassPan,panClostridioides_difficile_biomassPan,gurobi,0.00168573,85.97763761226088
S15,panClostridium_perfringens_biomassPan,panClostridium_perfringens_biomassPan,cuopt,0.000270231,295.0121
S15,panClostridium_perfringens_biomassPan,panClostridium_perfringens_biomassPan,gurobi,0.000270231,87.36849275883287
S15,panCoprococcus_comes_biomassPan,panCoprococcus_comes_biomassPan,cuopt,0.00229053,294.3609
S15,panCoprococcus_comes_biomassPan,panCoprococcus_comes_biomassPan,gurobi,0.00229053,87.27585217449814
S15,panDorea_formicigenerans_biomassPan,panDorea_formicigenerans_biomassPan,cuopt,0.00164283,293.9999
S15,panDorea_formicigenerans_biomassPan,panDorea_formicigenerans_biomassPan,gurobi,0.00164283,82.67413910850883
S15,panCollinsella_aerofaciens_biomassPan,panCollinsella_aerofaciens_biomassPan,cuopt,0.00760078,293.1325
S15,panCollinsella_aerofaciens_biomassPan,panCollinsella_aerofaciens_biomassPan,gurobi,0.007600779999999999,83.18124821595848
S15,panSubdoligranulum_variabile_biomassPan,panSubdoligranulum_variabile_biomassPan,cuopt,0.00482984,293.9199
S15,panSubdoligranulum_variabile_biomassPan,panSubdoligranulum_variabile_biomassPan,gurobi,0.00482984,88.07260349486023
S23,Whole_body_objective_rxn,Whole_body_objective_rxn,cuopt,1.0,739.2055
S23,Whole_body_objective_rxn,Whole_body_objective_rxn,gurobi,1.0,81.78434661403298
S23,Adipocytes_biomass_maintenance,Adipocytes_biomass_maintenance,cuopt,21.428571428571427,727.9768
S23,Adipocytes_biomass_maintenance,Adipocytes_biomass_maintenance,gurobi,21.428571428571427,82.44059701450169
S23,Agland_biomass_maintenance,Agland_biomass_maintenance,cuopt,0.02,745.9547
S23,Agland_biomass_maintenance,Agland_biomass_maintenance,gurobi,0.02,83.34882352128625
S23,Bcells_biomass_maintenance,Bcells_biomass_maintenance,cuopt,0.0021214285714285714,744.9707
S23,Bcells_biomass_maintenance,Bcells_biomass_maintenance,gurobi,0.0021214285714285714,85.37940937187523
S23,Brain_biomass_maintenance,Brain_biomass_maintenance,cuopt,2.0,737.3066
S23,Brain_biomass_maintenance,Brain_biomass_maintenance,gurobi,2.0,76.20551976654679
S23,CD4Tcells_biomass_maintenance,CD4Tcells_biomass_maintenance,cuopt,0.011785714285714287,742.7386
S23,CD4Tcells_biomass_maintenance,CD4Tcells_biomass_maintenance,gurobi,0.011785714285714287,76.39174690935761
S23,Colon_biomass_maintenance,Colon_biomass_maintenance,cuopt,0.4285714285714285,741.184
S23,Colon_biomass_maintenance,Colon_biomass_maintenance,gurobi,0.4285714285714285,76.30349125154316
S23,Gall_biomass_maintenance,Gall_biomass_maintenance,cuopt,0.014285714285714284,742.2181
S23,Gall_biomass_maintenance,Gall_biomass_maintenance,gurobi,0.014285714285714284,82.50688191037625
S23,Heart_biomass_maintenance,Heart_biomass_maintenance,cuopt,0.4728571428571428,741.2289
S23,Heart_biomass_maintenance,Heart_biomass_maintenance,gurobi,0.4728571428571428,79.4344905409962
S23,Kidney_biomass_maintenance,Kidney_biomass_maintenance,cuopt,0.44285714285714284,740.7318
S23,Kidney_biomass_maintenance,Kidney_biomass_maintenance,gurobi,0.44285714285714284,80.8266869103536
S23,Liver_biomass_maintenance,Liver_biomass_maintenance,cuopt,2.5714285714285716,736.7921
S23,Liver_biomass_maintenance,Liver_biomass_maintenance,gurobi,2.5714285714285716,79.87579775135964
S23,Lung_biomass_maintenance,Lung_biomass_maintenance,cuopt,0.7657142857142857,739.827
S23,Lung_biomass_maintenance,Lung_biomass_maintenance,gurobi,0.7657142857142857,80.91751966718584
S23,Monocyte_biomass_maintenance,Monocyte_biomass_maintenance,cuopt,0.003928571428571429,741.0425
S23,Monocyte_biomass_maintenance,Monocyte_biomass_maintenance,gurobi,0.003928571428571429,79.49257166404277
S23,Muscle_biomass_maintenance,Muscle_biomass_maintenance,cuopt,40.0,727.517
S23,Muscle_biomass_maintenance,Muscle_biomass_maintenance,gurobi,40.0,76.32906396314502
S23,Nkcells_biomass_maintenance,Nkcells_biomass_maintenance,cuopt,0.0035357142857142857,740.2197
S23,Nkcells_biomass_maintenance,Nkcells_biomass_maintenance,gurobi,0.0035357142857142857,82.70689641684294
S23,Pancreas_biomass_maintenance,Pancreas_biomass_maintenance,cuopt,0.14285714285714285,739.0334
S23,Pancreas_biomass_maintenance,Pancreas_biomass_maintenance,gurobi,0.14285714285714285,76.54752890020609
S23,Platelet_biomass_maintenance_noTrTr,Platelet_biomass_maintenance_noTrTr,cuopt,0.028571428571428567,738.7631
S23,Platelet_biomass_maintenance_noTrTr,Platelet_biomass_maintenance_noTrTr,gurobi,0.028571428571428567,76.51848788838834
S23,Prostate_biomass_maintenance,Prostate_biomass_maintenance,cuopt,0.022857142857142857,739.1134
S23,Prostate_biomass_maintenance,Prostate_biomass_maintenance,gurobi,0.022857142857142857,80.18388407398015
S23,Pthyroidgland_biomass_maintenance,Pthyroidgland_biomass_maintenance,cuopt,0.00017142857142857143,738.9752
S23,Pthyroidgland_biomass_maintenance,Pthyroidgland_biomass_maintenance,gurobi,0.00017142857142857143,79.35914675053209
S23,RBC_biomass_maintenance_noTrTr,RBC_biomass_maintenance_noTrTr,cuopt,3.5357142857142856,732.011
S23,RBC_biomass_maintenance_noTrTr,RBC_biomass_maintenance_noTrTr,gurobi,3.5357142857142856,78.77112460695207
S23,Retina_biomass_maintenance,Retina_biomass_maintenance,cuopt,0.0004657142857142857,739.3155
S23,Retina_biomass_maintenance,Retina_biomass_maintenance,gurobi,0.0004657142857142857,82.32061098795384
S23,Scord_biomass_maintenance,Scord_biomass_maintenance,cuopt,0.04285714285714286,900.6592
S23,Scord_biomass_maintenance,Scord_biomass_maintenance,gurobi,0.04285714285714286,79.90527886152267
S23,Skin_biomass_maintenance,Skin_biomass_maintenance,cuopt,3.7142857142857144,900.7531
S23,Skin_biomass_maintenance,Skin_biomass_maintenance,gurobi,3.7142857142857144,88.92677317559719
S23,Spleen_biomass_maintenance,Spleen_biomass_maintenance,cuopt,0.2571428571428571,900.7996
S23,Spleen_biomass_maintenance,Spleen_biomass_maintenance,gurobi,0.2571428571428571,88.89155402127653
S23,Stomach_biomass_maintenance,Stomach_biomass_maintenance,cuopt,0.21428571428571425,900.644
S23,Stomach_biomass_maintenance,Stomach_biomass_maintenance,gurobi,0.21428571428571425,89.05569912400097
S23,Testis_biomass_maintenance,Testis_biomass_maintenance,cuopt,0.05,737.7692
S23,Testis_biomass_maintenance,Testis_biomass_maintenance,gurobi,0.05,86.99024103302509
S23,Thyroidgland_biomass_maintenance,Thyroidgland_biomass_maintenance,cuopt,0.028571428571428567,738.4417
S23,Thyroidgland_biomass_maintenance,Thyroidgland_biomass_maintenance,gurobi,0.028571428571428567,79.66495714150369
S23,Urinarybladder_biomass_maintenance,Urinarybladder_biomass_maintenance,cuopt,0.06428571428571428,739.049
S23,Urinarybladder_biomass_maintenance,Urinarybladder_biomass_maintenance,gurobi,0.06428571428571428,82.40850047022104
S23,panBacteroides_thetaiotaomicron_biomassPan,panBacteroides_thetaiotaomicron_biomassPan,cuopt,0.0106412,900.6116
S23,panBacteroides_thetaiotaomicron_biomassPan,panBacteroides_thetaiotaomicron_biomassPan,gurobi,0.0106412,76.37773938570172
S23,panFaecalibacterium_prausnitzii_biomassPan,panFaecalibacterium_prausnitzii_biomassPan,cuopt,0.0508605,740.8555
S23,panFaecalibacterium_prausnitzii_biomassPan,panFaecalibacterium_prausnitzii_biomassPan,gurobi,0.0508605,77.54000838380307
S23,panEscherichia_coli_biomassPan,panEscherichia_coli_biomassPan,cuopt,0.537191,871.9276
S23,panEscherichia_coli_biomassPan,panEscherichia_coli_biomassPan,gurobi,0.537191,77.64637722913176
S23,panAkkermansia_muciniphila_biomassPan,panAkkermansia_muciniphila_biomassPan,cuopt,0.044053100000000005,741.8218
S23,panAkkermansia_muciniphila_biomassPan,panAkkermansia_muciniphila_biomassPan,gurobi,0.0440531,77.27476574573666
S23,panBifidobacterium_longum_biomassPan,panBifidobacterium_longum_biomassPan,cuopt,0.000293172,742.647
S23,panBifidobacterium_longum_biomassPan,panBifidobacterium_longum_biomassPan,gurobi,0.000293172,76.4000013191253
S23,panRoseburia_intestinalis_biomassPan,panRoseburia_intestinalis_biomassPan,cuopt,0.00355995,742.8485
S23,panRoseburia_intestinalis_biomassPan,panRoseburia_intestinalis_biomassPan,gurobi,0.00355995,78.809056869708
S23,panEnterococcus_faecalis_biomassPan,panEnterococcus_faecalis_biomassPan,cuopt,0.000151419,742.6486
S23,panEnterococcus_faecalis_biomassPan,panEnterococcus_faecalis_biomassPan,gurobi,0.000151419,77.10094767808914
S23,panParabacteroides_distasonis_biomassPan,panParabacteroides_distasonis_biomassPan,cuopt,0.028814600000000003,742.6371
S23,panParabacteroides_distasonis_biomassPan,panParabacteroides_distasonis_biomassPan,gurobi,0.028814600000000003,82.53618190903217
S23,panAlistipes_finegoldii_biomassPan,panAlistipes_finegoldii_biomassPan,cuopt,0.00470042,742.1022
S23,panAlistipes_finegoldii_biomassPan,panAlistipes_finegoldii_biomassPan,gurobi,0.00470042,76.38429894950241
S23,panBlautia_obeum_biomassPan,panBlautia_obeum_biomassPan,cuopt,0.00411085,741.5833
S23,panBlautia_obeum_biomassPan,panBlautia_obeum_biomassPan,gurobi,0.00411085,79.73416215460747
S23,panFusobacterium_nucleatum_biomassPan,panFusobacterium_nucleatum_biomassPan,cuopt,6.44334e-06,900.6658
S23,panFusobacterium_nucleatum_biomassPan,panFusobacterium_nucleatum_biomassPan,gurobi,6.44334e-06,79.37868924904615
S23,panKlebsiella_pneumoniae_biomassPan,panKlebsiella_pneumoniae_biomassPan,cuopt,7.73201e-05,740.7395
S23,panKlebsiella_pneumoniae_biomassPan,panKlebsiella_pneumoniae_biomassPan,gurobi,7.73201e-05,84.09727980848402
S23,panMethanobrevibacter_smithii_biomassPan,panMethanobrevibacter_smithii_biomassPan,cuopt,0.005579930000000001,900.6088
S23,panMethanobrevibacter_smithii_biomassPan,panMethanobrevibacter_smithii_biomassPan,gurobi,0.00557993,79.75797871313989
S23,panDesulfovibrio_piger_biomassPan,panDesulfovibrio_piger_biomassPan,cuopt,0.00300582,741.6233
S23,panDesulfovibrio_piger_biomassPan,panDesulfovibrio_piger_biomassPan,gurobi,0.00300582,84.90614605601877
S23,panStreptococcus_salivarius_biomassPan,panStreptococcus_salivarius_biomassPan,cuopt,2.8995e-05,740.4554
S23,panStreptococcus_salivarius_biomassPan,panStreptococcus_salivarius_biomassPan,gurobi,2.8994999999999996e-05,76.32647700887173
S23,panVeillonella_parvula_biomassPan,panVeillonella_parvula_biomassPan,cuopt,5.15467e-05,740.8888
S23,panVeillonella_parvula_biomassPan,panVeillonella_parvula_biomassPan,gurobi,5.15467e-05,78.94141204468906
S23,panClostridioides_difficile_biomassPan,panClostridioides_difficile_biomassPan,cuopt,0.000902068,740.5016
S23,panClostridioides_difficile_biomassPan,panClostridioides_difficile_biomassPan,gurobi,0.000902068,79.22536267153919
S23,panClostridium_perfringens_biomassPan,panClostridium_perfringens_biomassPan,cuopt,0.00023518200000000004,736.5996
S23,panClostridium_perfringens_biomassPan,panClostridium_perfringens_biomassPan,gurobi,0.00023518200000000004,76.45872344169766
S23,panCoprococcus_comes_biomassPan,panCoprococcus_comes_biomassPan,cuopt,0.000853743,739.6876
S23,panCoprococcus_comes_biomassPan,panCoprococcus_comes_biomassPan,gurobi,0.000853743,83.69391562324017
S23,panDorea_formicigenerans_biomassPan,panDorea_formicigenerans_biomassPan,cuopt,0.0011598,739.0549
S23,panDorea_formicigenerans_biomassPan,panDorea_formicigenerans_biomassPan,gurobi,0.0011598,79.32721079234034
S23,panCollinsella_aerofaciens_biomassPan,panCollinsella_aerofaciens_biomassPan,cuopt,0.00673651,739.1472
S23,panCollinsella_aerofaciens_biomassPan,panCollinsella_aerofaciens_biomassPan,gurobi,0.00673651,85.17182760871947
S23,panSubdoligranulum_variabile_biomassPan,panSubdoligranulum_variabile_biomassPan,cuopt,0.005174,738.4052
S23,panSubdoligranulum_variabile_biomassPan,panSubdoligranulum_variabile_biomassPan,gurobi,0.005174,83.45094916597009
S83,Whole_body_objective_rxn,Whole_body_objective_rxn,cuopt,1.0,521.7982
S83,Whole_body_objective_rxn,Whole_body_objective_rxn,gurobi,1.0,98.4159010592848
S83,Adipocytes_biomass_maintenance,Adipocytes_biomass_maintenance,cuopt,21.428571428571427,334.4505
S83,Adipocytes_biomass_maintenance,Adipocytes_biomass_maintenance,gurobi,21.428571428571427,98.68778570089489
S83,Agland_biomass_maintenance,Agland_biomass_maintenance,cuopt,0.02,522.3832
S83,Agland_biomass_maintenance,Agland_biomass_maintenance,gurobi,0.02,102.14571343548596
S83,Bcells_biomass_maintenance,Bcells_biomass_maintenance,cuopt,0.0021214285714285714,522.054
S83,Bcells_biomass_maintenance,Bcells_biomass_maintenance,gurobi,0.0021214285714285714,101.89726005401462
S83,Brain_biomass_maintenance,Brain_biomass_maintenance,cuopt,2.0,335.1867
S83,Brain_biomass_maintenance,Brain_biomass_maintenance,gurobi,2.0,106.58856771234423
S83,CD4Tcells_biomass_maintenance,CD4Tcells_biomass_maintenance,cuopt,0.011785714285714287,522.1183
S83,CD4Tcells_biomass_maintenance,CD4Tcells_biomass_maintenance,gurobi,0.011785714285714287,106.58100882172585
S83,Colon_biomass_maintenance,Colon_biomass_maintenance,cuopt,0.4285714285714285,522.0893
S83,Colon_biomass_maintenance,Colon_biomass_maintenance,gurobi,0.4285714285714285,97.85731801856309
S83,Gall_biomass_maintenance,Gall_biomass_maintenance,cuopt,0.014285714285714284,522.395
S83,Gall_biomass_maintenance,Gall_biomass_maintenance,gurobi,0.014285714285714284,98.27952670771629
S83,Heart_biomass_maintenance,Heart_biomass_maintenance,cuopt,0.4728571428571428,522.5207
S83,Heart_biomass_maintenance,Heart_biomass_maintenance,gurobi,0.4728571428571428,105.89183577615768
S83,Kidney_biomass_maintenance,Kidney_biomass_maintenance,cuopt,0.44285714285714284,522.2859
S83,Kidney_biomass_maintenance,Kidney_biomass_maintenance,gurobi,0.44285714285714284,98.21219656337053
S83,Liver_biomass_maintenance,Liver_biomass_maintenance,cuopt,2.5714285714285716,335.0937
S83,Liver_biomass_maintenance,Liver_biomass_maintenance,gurobi,2.5714285714285716,99.60014201235026
S83,Lung_biomass_maintenance,Lung_biomass_maintenance,cuopt,0.7657142857142857,522.3981
S83,Lung_biomass_maintenance,Lung_biomass_maintenance,gurobi,0.7657142857142857,99.81521121412516
S83,Monocyte_biomass_maintenance,Monocyte_biomass_maintenance,cuopt,0.003928571428571429,523.192
S83,Monocyte_biomass_maintenance,Monocyte_biomass_maintenance,gurobi,0.003928571428571429,109.24315500445664
S83,Muscle_biomass_maintenance,Muscle_biomass_maintenance,cuopt,40.0,335.6722
S83,Muscle_biomass_maintenance,Muscle_biomass_maintenance,gurobi,40.0,108.99863092135638
S83,Nkcells_biomass_maintenance,Nkcells_biomass_maintenance,cuopt,0.0035357142857142857,523.9751
S83,Nkcells_biomass_maintenance,Nkcells_biomass_maintenance,gurobi,0.0035357142857142857,109.374302088283
S83,Pancreas_biomass_maintenance,Pancreas_biomass_maintenance,cuopt,0.14285714285714285,523.9247
S83,Pancreas_biomass_maintenance,Pancreas_biomass_maintenance,gurobi,0.14285714285714285,109.38299069926143
S83,Platelet_biomass_maintenance_noTrTr,Platelet_biomass_maintenance_noTrTr,cuopt,0.028571428571428567,524.5462
S83,Platelet_biomass_maintenance_noTrTr,Platelet_biomass_maintenance_noTrTr,gurobi,0.028571428571428567,98.33714652154595
S83,Prostate_biomass_maintenance,Prostate_biomass_maintenance,cuopt,0.022857142857142857,535.6708
S83,Prostate_biomass_maintenance,Prostate_biomass_maintenance,gurobi,0.022857142857142857,98.61209877021611
S83,Pthyroidgland_biomass_maintenance,Pthyroidgland_biomass_maintenance,cuopt,0.00017142857142857143,613.4254
S83,Pthyroidgland_biomass_maintenance,Pthyroidgland_biomass_maintenance,gurobi,0.00017142857142857143,101.83459600340575
S83,RBC_biomass_maintenance_noTrTr,RBC_biomass_maintenance_noTrTr,cuopt,3.5357142857142856,383.67
S83,RBC_biomass_maintenance_noTrTr,RBC_biomass_maintenance_noTrTr,gurobi,3.5357142857142856,100.46708645951003
S83,Retina_biomass_maintenance,Retina_biomass_maintenance,cuopt,0.0004657142857142857,529.9074
S83,Retina_biomass_maintenance,Retina_biomass_maintenance,gurobi,0.0004657142857142857,100.19044574443251
S83,Scord_biomass_maintenance,Scord_biomass_maintenance,cuopt,0.04285714285714286,526.406
S83,Scord_biomass_maintenance,Scord_biomass_maintenance,gurobi,0.04285714285714286,98.69038998521864
S83,Skin_biomass_maintenance,Skin_biomass_maintenance,cuopt,3.7142857142857144,388.2613
S83,Skin_biomass_maintenance,Skin_biomass_maintenance,gurobi,3.7142857142857144,107.69956852775067
S83,Spleen_biomass_maintenance,Spleen_biomass_maintenance,cuopt,0.2571428571428571,597.3993
S83,Spleen_biomass_maintenance,Spleen_biomass_maintenance,gurobi,0.2571428571428571,108.14499126467854
S83,Stomach_biomass_maintenance,Stomach_biomass_maintenance,cuopt,0.21428571428571425,526.9217
S83,Stomach_biomass_maintenance,Stomach_biomass_maintenance,gurobi,0.21428571428571425,105.67191104590893
S83,Testis_biomass_maintenance,Testis_biomass_maintenance,cuopt,0.05,527.0233
S83,Testis_biomass_maintenance,Testis_biomass_maintenance,gurobi,0.05,99.41845890879631
S83,Thyroidgland_biomass_maintenance,Thyroidgland_biomass_maintenance,cuopt,0.028571428571428567,527.2633
S83,Thyroidgland_biomass_maintenance,Thyroidgland_biomass_maintenance,gurobi,0.028571428571428567,105.08437054604292
S83,Urinarybladder_biomass_maintenance,Urinarybladder_biomass_maintenance,cuopt,0.06428571428571428,527.0354
S83,Urinarybladder_biomass_maintenance,Urinarybladder_biomass_maintenance,gurobi,0.06428571428571428,100.50257906597108
S83,panBacteroides_thetaiotaomicron_biomassPan,panBacteroides_thetaiotaomicron_biomassPan,cuopt,0.0345764,690.0508
S83,panBacteroides_thetaiotaomicron_biomassPan,panBacteroides_thetaiotaomicron_biomassPan,gurobi,0.0345764,100.74240361619741
S83,panFaecalibacterium_prausnitzii_biomassPan,panFaecalibacterium_prausnitzii_biomassPan,cuopt,0.129748,527.317
S83,panFaecalibacterium_prausnitzii_biomassPan,panFaecalibacterium_prausnitzii_biomassPan,gurobi,0.129748,103.35642259567976
S83,panEscherichia_coli_biomassPan,panEscherichia_coli_biomassPan,cuopt,0.0787225,527.3611
S83,panEscherichia_coli_biomassPan,panEscherichia_coli_biomassPan,gurobi,0.0787225,102.4013785533607
S83,panAkkermansia_muciniphila_biomassPan,panAkkermansia_muciniphila_biomassPan,cuopt,0.027269500000000002,527.3307
S83,panAkkermansia_muciniphila_biomassPan,panAkkermansia_muciniphila_biomassPan,gurobi,0.0272695,103.25691794324666
S83,panBifidobacterium_longum_biomassPan,panBifidobacterium_longum_biomassPan,cuopt,0.00130966,527.0299
S83,panBifidobacterium_longum_biomassPan,panBifidobacterium_longum_biomassPan,gurobi,0.00130966,98.84410421736538
S83,panRoseburia_intestinalis_biomassPan,panRoseburia_intestinalis_biomassPan,cuopt,0.0111386,530.5088
S83,panRoseburia_intestinalis_biomassPan,panRoseburia_intestinalis_biomassPan,gurobi,0.0111386,101.33745313249528
S83,panEnterococcus_faecalis_biomassPan,panEnterococcus_faecalis_biomassPan,cuopt,0.00023988900000000002,527.2422
S83,panEnterococcus_faecalis_biomassPan,panEnterococcus_faecalis_biomassPan,gurobi,0.000239889,101.15086821559817
S83,panParabacteroides_distasonis_biomassPan,panParabacteroides_distasonis_biomassPan,cuopt,0.0717852,526.7457
S83,panParabacteroides_distasonis_biomassPan,panParabacteroides_distasonis_biomassPan,gurobi,0.0717852,101.50244264956564
S83,panAlistipes_finegoldii_biomassPan,panAlistipes_finegoldii_biomassPan,cuopt,0.0207861,526.5186
S83,panAlistipes_finegoldii_biomassPan,panAlistipes_finegoldii_biomassPan,gurobi,0.0207861,101.62054756004363
S83,panBlautia_obeum_biomassPan,panBlautia_obeum_biomassPan,cuopt,0.0139784,526.0588
S83,panBlautia_obeum_biomassPan,panBlautia_obeum_biomassPan,gurobi,0.0139784,101.98012949153781
S83,panFusobacterium_nucleatum_biomassPan,panFusobacterium_nucleatum_biomassPan,cuopt,3.24174e-05,526.1307
S83,panFusobacterium_nucleatum_biomassPan,panFusobacterium_nucleatum_biomassPan,gurobi,3.24174e-05,98.42966991476715
S83,panKlebsiella_pneumoniae_biomassPan,panKlebsiella_pneumoniae_biomassPan,cuopt,0.000188021,525.9859
S83,panKlebsiella_pneumoniae_biomassPan,panKlebsiella_pneumoniae_biomassPan,gurobi,0.000188021,98.3604318825528
S83,panMethanobrevibacter_smithii_biomassPan,panMethanobrevibacter_smithii_biomassPan,cuopt,0.00353998,525.5871
S83,panMethanobrevibacter_smithii_biomassPan,panMethanobrevibacter_smithii_biomassPan,gurobi,0.00353998,106.80922721978277
S83,panDesulfovibrio_piger_biomassPan,panDesulfovibrio_piger_biomassPan,cuopt,0.00638623,525.2221
S83,panDesulfovibrio_piger_biomassPan,panDesulfovibrio_piger_biomassPan,gurobi,0.00638623,106.4141980689019
S83,panStreptococcus_salivarius_biomassPan,panStreptococcus_salivarius_biomassPan,cuopt,0.000512195,525.5896
S83,panStreptococcus_salivarius_biomassPan,panStreptococcus_salivarius_biomassPan,gurobi,0.000512195,98.35738671664149
S83,panVeillonella_parvula_biomassPan,panVeillonella_parvula_biomassPan,cuopt,0.000414943,525.1821
S83,panVeillonella_parvula_biomassPan,panVeillonella_parvula_biomassPan,gurobi,0.000414943,105.87053835112602
S83,panClostridioides_difficile_biomassPan,panClostridioides_difficile_biomassPan,cuopt,0.00318339,524.9052
S83,panClostridioides_difficile_biomassPan,panClostridioides_difficile_biomassPan,gurobi,0.00318339,99.50052630249411
S83,panClostridium_perfringens_biomassPan,panClostridium_perfringens_biomassPan,cuopt,0.00132263,525.0791
S83,panClostridium_perfringens_biomassPan,panClostridium_perfringens_biomassPan,gurobi,0.00132263,98.62501358799636
S83,panCoprococcus_comes_biomassPan,panCoprococcus_comes_biomassPan,cuopt,0.00355943,525.1749
S83,panCoprococcus_comes_biomassPan,panCoprococcus_comes_biomassPan,gurobi,0.00355943,107.45329352654517
S83,panDorea_formicigenerans_biomassPan,panDorea_formicigenerans_biomassPan,cuopt,0.00202933,524.9639
S83,panDorea_formicigenerans_biomassPan,panDorea_formicigenerans_biomassPan,gurobi,0.00202933,101.68947120383382
S83,panCollinsella_aerofaciens_biomassPan,panCollinsella_aerofaciens_biomassPan,cuopt,0.00612041,524.7565
S83,panCollinsella_aerofaciens_biomassPan,panCollinsella_aerofaciens_biomassPan,gurobi,0.00612041,101.52870183251798
S83,panSubdoligranulum_variabile_biomassPan,panSubdoligranulum_variabile_biomassPan,cuopt,0.011475800000000001,524.7265
S83,panSubdoligranulum_variabile_biomassPan,panSubdoligranulum_variabile_biomassPan,gurobi,0.011475800000000001,98.39251589309424
Harvetta,Whole_body_objective_rxn,Whole_body_objective_rxn,cuopt,1.0,1.3968
Harvetta,Whole_body_objective_rxn,Whole_body_objective_rxn,gurobi,1.0,3.4587148344144225
Harvetta,Adipocytes_biomass_maintenance,Adipocytes_biomass_maintenance,cuopt,32.758620689655174,1.3898
Harvetta,Adipocytes_biomass_maintenance,Adipocytes_biomass_maintenance,gurobi,32.758620689655174,3.429268849082291
Harvetta,Agland_biomass_maintenance,Agland_biomass_maintenance,cuopt,0.02413793103448276,1.3917
Harvetta,Agland_biomass_maintenance,Agland_biomass_maintenance,gurobi,0.02413793103448276,3.4799866089597344
Harvetta,Brain_biomass_maintenance,Brain_biomass_maintenance,cuopt,2.0689655172413794,1.388
Harvetta,Brain_biomass_maintenance,Brain_biomass_maintenance,gurobi,2.0689655172413794,3.4725288478657603
Harvetta,Colon_biomass_maintenance,Colon_biomass_maintenance,cuopt,0.5,1.3891
Harvetta,Colon_biomass_maintenance,Colon_biomass_maintenance,gurobi,0.5,3.474709363654256
Harvetta,Heart_biomass_maintenance,Heart_biomass_maintenance,cuopt,0.4362068965517241,1.3879
Harvetta,Heart_biomass_maintenance,Heart_biomass_maintenance,gurobi,0.4362068965517241,3.4664105996489525
Harvetta,Kidney_biomass_maintenance,Kidney_biomass_maintenance,cuopt,0.47413793103448276,1.39
Harvetta,Kidney_biomass_maintenance,Kidney_biomass_maintenance,gurobi,0.47413793103448276,3.47589002083987
Harvetta,Liver_biomass_maintenance,Liver_biomass_maintenance,cuopt,2.413793103448276,1.3873
Harvetta,Liver_biomass_maintenance,Liver_biomass_maintenance,gurobi,2.413793103448276,3.464333306066692
Harvetta,Lung_biomass_maintenance,Lung_biomass_maintenance,cuopt,0.9241379310344827,1.3897
Harvetta,Lung_biomass_maintenance,Lung_biomass_maintenance,gurobi,0.9241379310344827,3.469467965885997
Harvetta,Muscle_biomass_maintenance,Muscle_biomass_maintenance,cuopt,29.310344827586203,1.3901
Harvetta,Muscle_biomass_maintenance,Muscle_biomass_maintenance,gurobi,29.310344827586203,3.4225255018100142
Harvetta,Pancreas_biomass_maintenance,Pancreas_biomass_maintenance,cuopt,0.14655172413793102,1.3897
Harvetta,Pancreas_biomass_maintenance,Pancreas_biomass_maintenance,gurobi,0.14655172413793102,3.47377217002213
Harvetta,Retina_biomass_maintenance,Retina_biomass_maintenance,cuopt,0.0005620689655172414,1.3895
Harvetta,Retina_biomass_maintenance,Retina_biomass_maintenance,gurobi,0.0005620689655172414,3.4589440571144223
Harvetta,Scord_biomass_maintenance,Scord_biomass_maintenance,cuopt,0.04827586206896552,1.3912
Harvetta,Scord_biomass_maintenance,Scord_biomass_maintenance,gurobi,0.04827586206896552,3.4564960775896907
Harvetta,Skin_biomass_maintenance,Skin_biomass_maintenance,cuopt,3.086206896551724,1.3885
Harvetta,Skin_biomass_maintenance,Skin_biomass_maintenance,gurobi,3.086206896551724,3.4573304001241922
Harvetta,Spleen_biomass_maintenance,Spleen_biomass_maintenance,cuopt,0.25862068965517243,1.3884
Harvetta,Spleen_biomass_maintenance,Spleen_biomass_maintenance,gurobi,0.25862068965517243,3.472669023089111
Harvetta,Stomach_biomass_maintenance,Stomach_biomass_maintenance,cuopt,0.2413793103448276,1.3948
Harvetta,Stomach_biomass_maintenance,Stomach_biomass_maintenance,gurobi,0.2413793103448276,3.4716447247192264
Harvetta,Thyroidgland_biomass_maintenance,Thyroidgland_biomass_maintenance,cuopt,0.02931034482758621,1.3874
Harvetta,Thyroidgland_biomass_maintenance,Thyroidgland_biomass_maintenance,gurobi,0.02931034482758621,3.486377059482038
Harvetta,Urinarybladder_biomass_maintenance,Urinarybladder_biomass_maintenance,cuopt,0.07758620689655173,1.3938
Harvetta,Urinarybladder_biomass_maintenance,Urinarybladder_biomass_maintenance,gurobi,0.07758620689655173,3.4773532329127192
Harvetta,Bcells_biomass_maintenance,Bcells_biomass_maintenance,cuopt,0.001908620689655172,1.3912
Harvetta,Bcells_biomass_maintenance,Bcells_biomass_maintenance,gurobi,0.001908620689655172,3.4739519264549017
Harvetta,CD4Tcells_biomass_maintenance,CD4Tcells_biomass_maintenance,cuopt,0.010603448275862069,1.3882
Harvetta,CD4Tcells_biomass_maintenance,CD4Tcells_biomass_maintenance,gurobi,0.010603448275862069,3.487696783617139
Harvetta,Monocyte_biomass_maintenance,Monocyte_biomass_maintenance,cuopt,0.00353448275862069,1.3871
Harvetta,Monocyte_biomass_maintenance,Monocyte_biomass_maintenance,gurobi,0.00353448275862069,3.454861506819725
Harvetta,Nkcells_biomass_maintenance,Nkcells_biomass_maintenance,cuopt,0.0031810344827586197,1.3899
Harvetta,Nkcells_biomass_maintenance,Nkcells_biomass_maintenance,gurobi,0.0031810344827586197,3.44804972037673
Harvetta,Platelet_biomass_maintenance_noTrTr,Platelet_biomass_maintenance_noTrTr,cuopt,0.034482758620689655,1.3848
Harvetta,Platelet_biomass_maintenance_noTrTr,Platelet_biomass_maintenance_noTrTr,gurobi,0.034482758620689655,3.4682527780532837
Harvetta,RBC_biomass_maintenance_noTrTr,RBC_biomass_maintenance_noTrTr,cuopt,3.53448275862069,1.3859
Harvetta,RBC_biomass_maintenance_noTrTr,RBC_biomass_maintenance_noTrTr,gurobi,3.53448275862069,3.475773459300399
Harvetta,Uterus_biomass_maintenance,Uterus_biomass_maintenance,cuopt,0.13793103448275862,1.3936
Harvetta,Uterus_biomass_maintenance,Uterus_biomass_maintenance,gurobi,0.13793103448275862,3.464111952111125
