Query,Gene,Rank_gurobi,FluxReduction_gurobi,Rank_gpugem,FluxReduction_gpugem
PAH deficiency,PAH,1,100.0,1.0,100.0
PAH deficiency,CYP19A1,2,100.0,2.0,100.0
PAH deficiency,QDPR,3,95.93,4.0,92.47
PAH deficiency,PCBD1,4,83.69,5.0,83.57
PAH deficiency,GSTZ1,5,73.05,7.0,73.07
PAH deficiency,HGD,6,73.05,8.0,73.07
PAH deficiency,HPD,7,73.05,9.0,73.07
PAH deficiency,SLC6A6,8,53.69,17.0,10.03
PAH deficiency,FDFT1,9,38.49,3.0,96.48
PAH deficiency,SLC5A5,10,30.78,6.0,73.3
Kynureninase deficiency,KYNU,1,100.0,1.0,100.0
Kynureninase deficiency,HAAO,2,100.0,2.0,100.0
Kynureninase deficiency,ACMSD,3,100.0,3.0,100.0
Kynureninase deficiency,CYP19A1,4,100.0,,
Kynureninase deficiency,SLC25A21,5,100.0,4.0,100.0
Kynureninase deficiency,ARSA,6,71.51,5.0,76.08
Kynureninase deficiency,SLC6A6,7,55.75,6.0,48.76
Kynureninase deficiency,FDFT1,8,30.85,7.0,27.4
Kynureninase deficiency,SLC5A5,9,25.06,8.0,22.44
Kynureninase deficiency,SLC11A2,10,20.77,9.0,14.89
CYP17A1 deficiency,CYP17A1,1,100.0,1.0,100.0
CYP17A1 deficiency,CYP11A1,2,100.0,2.0,100.0
CYP17A1 deficiency,FDFT1,3,1.79,3.0,1.59
CYP17A1 deficiency,SLC5A5,4,1.01,4.0,0.85
CYP17A1 deficiency,SLC6A6,5,0.67,5.0,0.54
CYP17A1 deficiency,HSD11B2,6,0.5,6.0,0.44
CYP17A1 deficiency,UGT1A1,7,0.23,7.0,0.23
CYP17A1 deficiency,KL,8,0.23,8.0,0.23
CYP17A1 deficiency,SLC5A7,9,0.14,9.0,0.11
CYP17A1 deficiency,CFTR,10,0.12,10.0,0.08
