model,scale,n_cols,cuopt_solve_s,cuopt_status,cuopt_residual_inf,gurobi_barrier_solve_s,gurobi_barrier_status,gurobi_barrier_residual_inf,gurobi_default_solve_s,gurobi_default_status,gurobi_default_residual_inf,gurobi_default_solved_by,gurobi_default_feasible,gurobi_default_obj_agree_with_cuopt,gurobi_default_speedup_vs_barrier,both_feasible
e_coli_core,small,95,0.2489,Optimal,7.779511312921983e-09,0.0007871249690651894,Optimal,1.4210854715202004e-13,0.0009011896327137947,Optimal,1.4210854715202004e-13,simplex,True,True,0.8734287884503098,True
iML1515,medium,2712,3.75,Optimal,2.9543798518716358e-09,0.033730380702763796,Optimal,1.1652900866465643e-12,0.027664576657116413,Optimal,1.567457275086781e-11,simplex,True,True,1.2192624930006664,True
Harvey,whole-body,81094,1.6727,Optimal,5.5791078423794715e-09,2.815347373019904,Optimal,3.3396645449101925e-09,3.7994016222655773,Optimal,4.706180334324017e-09,barrier,True,True,0.7409975709125262,True
S84,microbiome,685998,24.6368,Optimal,4.7207380759468074e-05,40.616124144755304,Optimal,9.104737948701074e-07,57.51611486915499,Optimal,9.502243880008635e-07,barrier,True,True,0.7061694663687569,True
S85,microbiome,874634,509.3895,Optimal,8.868415896295202e-05,52.61785220587626,Optimal,9.8540391428e-07,75.65212674532086,Optimal,8.679267279899997e-07,barrier,True,True,0.6955237674019616,True
S9,microbiome,1111943,534.389,Optimal,5.564041222375516e-05,73.04515171516687,Optimal,9.602922006607395e-07,92.57022708375007,Optimal,9.597365673601704e-07,barrier,True,True,0.7890782383960396,True
S15,microbiome,1084341,295.286,Optimal,9.937060648768504e-05,82.59341345401481,Optimal,9.611478597999998e-07,106.65540899336338,Optimal,9.611478597999998e-07,barrier,True,True,0.7743949813098947,True
S23,microbiome,1007742,739.9042,Optimal,3.1158638556364404e-05,85.31078134896234,Optimal,9.761321824626468e-07,83.71031167265028,Optimal,9.959318579999998e-07,barrier,True,True,1.0191191460685358,True
S83,microbiome,1179186,526.7454,Optimal,2.1417177295218574e-05,99.6208671759814,Optimal,9.901326588386526e-07,93.51878128480166,Optimal,9.5009710809e-07,barrier,True,True,1.0652498440136478,True
Harvetta,whole-body,83521,1.4192,Optimal,3.2092831958322026e-09,3.529323379509151,Optimal,2.4156179279088974e-09,4.604666267521679,Optimal,2.561137080192566e-09,barrier,True,True,0.7664667045259507,True
