reaction_id,organ_or_cell_type,category,why_selected,notes
Whole_body_objective_rxn,whole_body,whole_body,The model's own shipped objective; baseline already used in the main cross-scale cuOpt-vs-Gurobi benchmark.,
Adipocytes_biomass_maintenance,Adipocytes,organ_biomass,"Primary lipid-storage compartment, metabolically distinct from lean organs.",
Agland_biomass_maintenance,Agland,organ_biomass,"Adrenal gland -- steroid hormone (cortisol/aldosterone/catecholamine) synthesis, distinct endocrine metabolism.",
Brain_biomass_maintenance,Brain,organ_biomass,"Distinct, highly constrained energy metabolism (near-exclusive glucose/ketone use).",
Colon_biomass_maintenance,Colon,organ_biomass,"Sits directly at the host-microbiome interface, coupling host metabolism to gut microbial exchange.",
Heart_biomass_maintenance,Heart,organ_biomass,"Large, continuously-active muscle compartment with fatty-acid-dominant metabolism.",
Kidney_biomass_maintenance,Kidney,organ_biomass,Central to whole-body nitrogen/electrolyte handling and acid-base balance.,
Liver_biomass_maintenance,Liver,organ_biomass,"Model's largest, most metabolically central organ compartment (highest reaction count of any organ).",
Lung_biomass_maintenance,Lung,organ_biomass,Distinct gas-exchange compartment with its own surfactant/lipid metabolism.,
Muscle_biomass_maintenance,Muscle,organ_biomass,"Skeletal muscle -- largest body-mass compartment overall, dominant in whole-body amino-acid/glucose turnover.",
Pancreas_biomass_maintenance,Pancreas,organ_biomass,Governs whole-body glucose homeostasis (insulin/glucagon-producing tissue).,
Retina_biomass_maintenance,Retina,organ_biomass,Neural tissue with distinct phototransduction-linked energy/lipid demand.,
Scord_biomass_maintenance,Scord,organ_biomass,"Spinal cord -- neural tissue distinct from brain, central nervous system metabolism.",
Skin_biomass_maintenance,Skin,organ_biomass,"Large peripheral compartment, structurally and metabolically distinct from internal organs.",
Spleen_biomass_maintenance,Spleen,organ_biomass,Major lymphoid organ and site of red-blood-cell recycling.,
Stomach_biomass_maintenance,Stomach,organ_biomass,"Gastric epithelium -- acid/enzyme secretion, first digestive-tract compartment.",
Thyroidgland_biomass_maintenance,Thyroidgland,organ_biomass,Thyroid hormone synthesis -- iodine-handling endocrine metabolism.,
Urinarybladder_biomass_maintenance,Urinarybladder,organ_biomass,"Urothelial tissue, distinct from kidney, terminal urinary-tract compartment.",
Bcells_biomass_maintenance,Bcells,immune_cell_biomass,Adaptive humoral immunity; small peripheral compartment contrasting with large organ objectives.,
CD4Tcells_biomass_maintenance,CD4Tcells,immune_cell_biomass,Adaptive cell-mediated immunity.,
Monocyte_biomass_maintenance,Monocyte,immune_cell_biomass,"Innate myeloid immunity and phagocytic metabolism, distinct from lymphoid cell types.",
Nkcells_biomass_maintenance,Nkcells,immune_cell_biomass,"Innate lymphoid immunity, distinct lineage from the adaptive T/B-cell objectives.",
Platelet_biomass_maintenance_noTrTr,Platelet,immune_cell_biomass,Anucleate blood cells with minimal biosynthetic machinery -- among the most constrained objectives.,
RBC_biomass_maintenance_noTrTr,RBC,immune_cell_biomass,"Red blood cells -- anucleate, glycolysis-only metabolism, maximally constrained objective.",
Testis_biomass_maintenance,Testis,organ_biomass,Male-specific reproductive-tract tissue with distinct spermatogenic metabolism; retained as this model's sole sex-specific objective.,
