reaction_id,taxon_or_organ,category,why_selected,notes
Whole_body_objective_rxn,whole_body,whole_body,The model's own shipped objective; baseline already used in the main cross-scale cuOpt-vs-Gurobi benchmark.,
Adipocytes_biomass_maintenance,Adipocytes,organ_biomass,"Primary lipid-storage compartment, metabolically distinct from lean organs.",
Agland_biomass_maintenance,Agland,organ_biomass,"Adrenal gland -- steroid hormone (cortisol/aldosterone/catecholamine) synthesis, distinct endocrine metabolism.",
Bcells_biomass_maintenance,Bcells,immune_cell_biomass,Adaptive humoral immunity; small peripheral compartment contrasting with large organ objectives.,
Brain_biomass_maintenance,Brain,organ_biomass,"Distinct, highly constrained energy metabolism (near-exclusive glucose/ketone use).",
CD4Tcells_biomass_maintenance,CD4Tcells,immune_cell_biomass,Adaptive cell-mediated immunity.,
Colon_biomass_maintenance,Colon,organ_biomass,"Sits directly at the host-microbiome interface, coupling host metabolism to gut microbial exchange.",
Gall_biomass_maintenance,Gall,organ_biomass,"Gallbladder -- bile storage/concentration, distinct lipid-handling metabolism.",
Heart_biomass_maintenance,Heart,organ_biomass,"Large, continuously-active muscle compartment with fatty-acid-dominant metabolism.",
Kidney_biomass_maintenance,Kidney,organ_biomass,Central to whole-body nitrogen/electrolyte handling and acid-base balance.,
Liver_biomass_maintenance,Liver,organ_biomass,"Model's largest, most metabolically central organ compartment (highest reaction count of any organ).",
Lung_biomass_maintenance,Lung,organ_biomass,Distinct gas-exchange compartment with its own surfactant/lipid metabolism.,
Monocyte_biomass_maintenance,Monocyte,immune_cell_biomass,"Innate myeloid immunity and phagocytic metabolism, distinct from lymphoid cell types.",
Muscle_biomass_maintenance,Muscle,organ_biomass,"Skeletal muscle -- largest body-mass compartment overall, dominant in whole-body amino-acid/glucose turnover.",
Nkcells_biomass_maintenance,Nkcells,immune_cell_biomass,"Innate lymphoid immunity, distinct lineage from the adaptive T/B-cell objectives.",
Pancreas_biomass_maintenance,Pancreas,organ_biomass,Governs whole-body glucose homeostasis (insulin/glucagon-producing tissue).,
Platelet_biomass_maintenance_noTrTr,Platelet,immune_cell_biomass,Anucleate blood cells with minimal biosynthetic machinery -- among the most constrained objectives.,
Prostate_biomass_maintenance,Prostate,organ_biomass,Male-specific reproductive-tract glandular tissue.,
Pthyroidgland_biomass_maintenance,Pthyroidgland,organ_biomass,"Parathyroid gland -- calcium-homeostasis endocrine tissue, distinct from the thyroid itself.",
RBC_biomass_maintenance_noTrTr,RBC,immune_cell_biomass,"Red blood cells -- anucleate, glycolysis-only metabolism, maximally constrained objective.",
Retina_biomass_maintenance,Retina,organ_biomass,Neural tissue with distinct phototransduction-linked energy/lipid demand.,
Scord_biomass_maintenance,Scord,organ_biomass,"Spinal cord -- neural tissue distinct from brain, central nervous system metabolism.",
Skin_biomass_maintenance,Skin,organ_biomass,"Large peripheral compartment, structurally and metabolically distinct from internal organs.",
Spleen_biomass_maintenance,Spleen,organ_biomass,Major lymphoid organ and site of red-blood-cell recycling.,
Stomach_biomass_maintenance,Stomach,organ_biomass,"Gastric epithelium -- acid/enzyme secretion, first digestive-tract compartment.",
Testis_biomass_maintenance,Testis,organ_biomass,Male-specific reproductive-tract tissue with distinct spermatogenic metabolism.,
Thyroidgland_biomass_maintenance,Thyroidgland,organ_biomass,Thyroid hormone synthesis -- iodine-handling endocrine metabolism.,
Urinarybladder_biomass_maintenance,Urinarybladder,organ_biomass,"Urothelial tissue, distinct from kidney, terminal urinary-tract compartment.",
panBacteroides_thetaiotaomicron_biomassPan,Bacteroides,microbiome_taxon,Dominant Bacteroidetes-phylum genus in most human gut microbiomes; B. thetaiotaomicron is a heavily-studied model gut symbiont for polysaccharide degradation.,this person's gut community has 655 total distinct taxa; only 22 well-characterized genera curated here -- remaining taxa need domain review to add
panFaecalibacterium_prausnitzii_biomassPan,Faecalibacterium,microbiome_taxon,"Major butyrate-producing commensal, widely used as a marker of gut health.",this person's gut community has 655 total distinct taxa; only 22 well-characterized genera curated here -- remaining taxa need domain review to add
panEscherichia_coli_biomassPan,Escherichia,microbiome_taxon,Facultative anaerobe and common gut pathobiont; representative Proteobacteria-phylum taxon.,this person's gut community has 655 total distinct taxa; only 22 well-characterized genera curated here -- remaining taxa need domain review to add
panAkkermansia_muciniphila_biomassPan,Akkermansia,microbiome_taxon,Mucin-degrading commensal associated with host metabolic health.,this person's gut community has 655 total distinct taxa; only 22 well-characterized genera curated here -- remaining taxa need domain review to add
panBifidobacterium_longum_biomassPan,Bifidobacterium,microbiome_taxon,"Major beneficial commensal genus, prominent in probiotic/gut-health research.",this person's gut community has 655 total distinct taxa; only 22 well-characterized genera curated here -- remaining taxa need domain review to add
panRoseburia_intestinalis_biomassPan,Roseburia,microbiome_taxon,"Major butyrate-producing commensal, closely tracks dietary fiber intake.",this person's gut community has 655 total distinct taxa; only 22 well-characterized genera curated here -- remaining taxa need domain review to add
panEnterococcus_faecalis_biomassPan,Enterococcus,microbiome_taxon,"Facultative anaerobe, common gut commensal and clinically relevant opportunistic pathogen.",this person's gut community has 655 total distinct taxa; only 22 well-characterized genera curated here -- remaining taxa need domain review to add
panParabacteroides_distasonis_biomassPan,Parabacteroides,microbiome_taxon,"Common Bacteroidetes-phylum commensal genus, distinct from Bacteroides sensu stricto.",this person's gut community has 655 total distinct taxa; only 22 well-characterized genera curated here -- remaining taxa need domain review to add
panAlistipes_finegoldii_biomassPan,Alistipes,microbiome_taxon,Common gut commensal genus increasingly studied for both protective and pro-inflammatory associations.,this person's gut community has 655 total distinct taxa; only 22 well-characterized genera curated here -- remaining taxa need domain review to add
panBlautia_obeum_biomassPan,Blautia,microbiome_taxon,"Abundant Firmicutes-phylum commensal genus, associated with gut homeostasis.",this person's gut community has 655 total distinct taxa; only 22 well-characterized genera curated here -- remaining taxa need domain review to add
panFusobacterium_nucleatum_biomassPan,Fusobacterium,microbiome_taxon,Oral/gut commensal notably associated with colorectal cancer in the literature.,this person's gut community has 655 total distinct taxa; only 22 well-characterized genera curated here -- remaining taxa need domain review to add
panKlebsiella_pneumoniae_biomassPan,Klebsiella,microbiome_taxon,Facultative anaerobe and clinically significant opportunistic gut pathobiont.,this person's gut community has 655 total distinct taxa; only 22 well-characterized genera curated here -- remaining taxa need domain review to add
panMethanobrevibacter_smithii_biomassPan,Methanobrevibacter,microbiome_taxon,"Dominant archaeal methanogen of the human gut, distinct domain (Archaea) from all bacterial taxa here.",this person's gut community has 655 total distinct taxa; only 22 well-characterized genera curated here -- remaining taxa need domain review to add
panDesulfovibrio_piger_biomassPan,Desulfovibrio,microbiome_taxon,"Sulfate-reducing commensal genus, hydrogen-sulfide producer linked to gut redox balance.",this person's gut community has 655 total distinct taxa; only 22 well-characterized genera curated here -- remaining taxa need domain review to add
panStreptococcus_salivarius_biomassPan,Streptococcus,microbiome_taxon,"Common oral/gut commensal genus, facultative anaerobe.",this person's gut community has 655 total distinct taxa; only 22 well-characterized genera curated here -- remaining taxa need domain review to add
panVeillonella_parvula_biomassPan,Veillonella,microbiome_taxon,"Anaerobic lactate-fermenting commensal genus, common in oral/gut communities.",this person's gut community has 655 total distinct taxa; only 22 well-characterized genera curated here -- remaining taxa need domain review to add
panClostridioides_difficile_biomassPan,Clostridioides,microbiome_taxon,Clinically significant opportunistic gut pathogen (post-antibiotic dysbiosis).,this person's gut community has 655 total distinct taxa; only 22 well-characterized genera curated here -- remaining taxa need domain review to add
panClostridium_perfringens_biomassPan,Clostridium,microbiome_taxon,Spore-forming anaerobic genus spanning both pathogenic and butyrate-producing commensal species.,this person's gut community has 655 total distinct taxa; only 22 well-characterized genera curated here -- remaining taxa need domain review to add
panCoprococcus_comes_biomassPan,Coprococcus,microbiome_taxon,"Butyrate-producing commensal genus, common gut-health marker.",this person's gut community has 655 total distinct taxa; only 22 well-characterized genera curated here -- remaining taxa need domain review to add
panDorea_formicigenerans_biomassPan,Dorea,microbiome_taxon,Common Firmicutes-phylum gut commensal genus.,this person's gut community has 655 total distinct taxa; only 22 well-characterized genera curated here -- remaining taxa need domain review to add
panCollinsella_aerofaciens_biomassPan,Collinsella,microbiome_taxon,"Common Actinobacteria-phylum gut commensal, associated with carbohydrate metabolism.",this person's gut community has 655 total distinct taxa; only 22 well-characterized genera curated here -- remaining taxa need domain review to add
panSubdoligranulum_variabile_biomassPan,Subdoligranulum,microbiome_taxon,Butyrate-producing commensal genus closely related to Faecalibacterium.,this person's gut community has 655 total distinct taxa; only 22 well-characterized genera curated here -- remaining taxa need domain review to add
