candidate_id,user_story,cuopt_version,solve_s,speedup_vs_baseline,speedup_vs_gurobi,status,residual_inf,objective_agrees_with_gurobi,verified_correct,source_note
baseline,US1,26.08.00,240.4558,2.1357214090905687,0.2188254648291963,Optimal,3.3564910464081825e-05,True,True,"R1 cross-check: gpugem's current shipped large-model defaults (method=PDLP, presolve=PaPILO, per_constraint_residual=1), applied by giving no overrides at all so this can never silently drift from what gpugem._defaults.default_settings actually ships."
pdlp_precision_double_explicit,US1,26.08.00,243.9594,2.1050494467522056,0.21568282347749776,Optimal,3.3564910464081825e-05,True,True,"R3: explicit Double precision. On e_coli_core this produced a bit-identical result to pdlp_precision=-1 (cuOpt's own Default). This candidate confirms whether that equivalence (Default==Double) also holds at S85's scale, or whether Default resolves differently on a problem this large/ill-conditioned."
pdlp_precision_double_explicit,US1,26.06.00,510.8189,1.0053398572370758,0.10300686252187666,Optimal,8.868415896295202e-05,True,True,"R3: explicit Double precision. On e_coli_core this produced a bit-identical result to pdlp_precision=-1 (cuOpt's own Default). This candidate confirms whether that equivalence (Default==Double) also holds at S85's scale, or whether Default resolves differently on a problem this large/ill-conditioned."
infeasibility_detection_strict,US1,26.06.00,511.6114,1.0037825584027251,0.10284730208489541,Optimal,8.868415896295202e-05,True,True,"R2: new, untested axis -- PDLP-only infeasibility-detection options; included for completeness of the documented parameter space."
save_best_primal,US1,26.06.00,511.6841,1.0036399411277388,0.10283268955567754,Optimal,8.868415896295202e-05,True,True,"R2: new, untested axis -- retains the best-seen primal iterate rather than the last one, in case PDLP's iterate quality is non-monotonic on this ill-conditioned problem."
baseline,US1,26.06.00,513.5466,1.0,0.10245974212637424,Optimal,8.868415896295202e-05,True,True,"R1 cross-check: gpugem's current shipped large-model defaults (method=PDLP, presolve=PaPILO, per_constraint_residual=1), applied by giving no overrides at all so this can never silently drift from what gpugem._defaults.default_settings actually ships."
warm_start_fast1,US1,26.06.00,0.2705753669142723,1897.979871030571,194.46652814684134,NoTermination,inf,False,False,R4: the other of the two warm-start-supported modes per the installed docstring.
presolve_pslp_retest,US1,26.06.00,1.8261,281.22589124363395,28.814332296082505,Infeasible,inf,False,False,"R4: presolve=PSLP (verified enum: -1=Default, 0=OFF, 1=PaPILO, 2=PSLP). gpugem's large-model default forces PaPILO (1) specifically because PSLP was found to falsely report Infeasible on extreme-coefficient-range models. The 26.04 release notes record 'Update to the latest version of PSLP which includes bug fixes for incorrect infeasible classification' -- this candidate re-tests whether that fix (already present in the installed 26.6.0) resolves it for S85, which would make PSLP a viable, likely-faster alternative to PaPILO (PaPILO's postsolve is documented to add reconstruction error)."
per_constraint_residual_0,US1,unknown,7.0855,72.47852656834381,7.42613114189207,Optimal,156.36261284442998,True,False,"R2: already quantified exhaustively by specs/005-residual-tradeoff-benchmark/ (per_constraint_residual=0 vs. the shipped per_constraint_residual=1 default) -- not re-litigated here, linked for completeness only."
barrier_dualize,US1,26.06.00,7.2242,71.08698541014923,7.283554193665218,NumericalError,inf,False,False,R4-followup: solve S85's dual instead of its primal via Barrier -- the dual's conditioning is not identical to the primal's and has never been checked on this model family.
barrier_ordering_amd,US1,26.06.00,7.2564,70.77153960641641,7.251233697959906,NumericalError,inf,False,False,"R4-followup: AMD fill-reducing ordering instead of cuDSS's own default (ordering=-1/0) for Barrier's sparse factorization -- a different ordering can materially change numerical stability on an extreme-coefficient-range matrix, untested on this model family."
ruiz_equilibration_external,US3,26.06.00,66.51,7.721344158773117,0.7911269313768795,Optimal,0.003365806979666952,True,False,"R8: external row/column Ruiz-style equilibration tuned to S85's known [1e-6, 2e5] coefficient range (R5) -- exact, invertible linear reformulation, not an approximation. Last resort: cuOpt already performs its own internal Ruiz equilibration non-configurably (R5), so this is not expected to add much on top of that."
first_primal_feasible,US1,26.06.00,433.6229,1.1843161419749741,0.12134472650285827,PrimalFeasible,9.855897763485535e-05,True,False,"R2: new, untested axis -- stop as soon as a primal-feasible iterate is found rather than waiting for full dual/gap convergence, directly relevant since S85's bottleneck is convergence speed, not feasibility per se."
warm_start_stable2,US1,26.06.00,900.303302006796,0.570415102172005,0.058444584273533044,TimeLimit,5.415189563971903,True,False,"R4: presolve=0 is fully OFF (distinct from PSLP=2) -- verified via constants.h and required for PDLP warm start per the 26.02 release notes ('presolve must now be explicitly disabled by setting CUOPT_PRESOLVE=0'). pdlp_solver_mode=Stable2 is one of the two modes SolverSettings.set_pdlp_warm_start_data's own installed docstring confirms are supported ('Only supported solver modes are Stable2 and Fast1') -- kept separate from the PSLP re-test above, not combined."
dual_simplex_isolated,US1,26.06.00,900.5473,0.570260551555704,0.05842874905724137,TimeLimit,1393.124,False,False,"R2-followup: pure DualSimplex, isolated -- specs/004-s85-solver-mode-experiment/ only ever exercised it indirectly (raced inside method=Concurrent, where PDLP won). The 26.06 release notes record dual simplex performance work ('16% faster on NETLIB LP') and a new right-looking Markowitz LU factorization since whatever version informed that Concurrent race -- worth an isolated head-to-head."
pdlp_precision_single,US1,26.06.00,900.6568,0.5701912204515638,0.058421645410189835,TimeLimit,0.07829570770263672,True,False,"R3: Single/FP32 precision, included for completeness (spec FR-001 -- every documented parameter). Expected to hit the FP32 precision floor observed empirically on e_coli_core (residual floors ~2.7e-3, cannot reach this project's tolerances) -- included to confirm that expectation holds at S85's scale too, not assumed."
pdlp_mode_fast1,US1,26.06.00,900.6804,0.5701762800656037,0.0584201146220971,TimeLimit,1.5349776704793459,True,False,"R2: pdlp_solver_mode=Fast1 -- 'fastest mode, but with less success in convergence' per the installed package's own enum docstring. Never tried in specs/004-s85-solver-mode-experiment/, which only tested Methodical1 vs. the Stable3 baseline."
pdlp_precision_mixed,US1,26.06.00,900.7457,0.5701349448573554,0.058415879427319226,TimeLimit,0.004315260291225068,True,False,"R3: true Mixed precision (verified enum: -1=Default, 0=Single, 1=Double, 2=Mixed, from cpp/include/.../constants.h). Never actually exercised on any model in this project under either name -- gpugem's own pdlp_precision=1 comment mislabels Double as 'mixed'; true Mixed has never been tried."
barrier_augmented_system,US1,26.06.00,901.038,0.569949991010368,0.05839692910385162,TimeLimit,1393.124,False,False,"R4-followup: specs/004-s85-solver-mode-experiment/ found cold Barrier fails almost immediately with NumericalError (~7s) on S85. Barrier's default linear-system formulation (augmented=-1, auto) typically means normal equations (ADAT), which SQUARES the condition number of the constraint matrix -- S85's raw condition number is ~2e11 (research.md R5), so ADAT would face ~4e22, well past float64 factorization limits. augmented=1 forces the augmented-system formulation instead, which does not square the conditioning -- a concrete, well-motivated hypothesis for why cold Barrier failed, never tried."
